득점,경기,승,패,무,승률,시즌,실점,이 닝,0 점,1+ 점,1 점,2 점,3 점,4 점,5+ 점,최 다,평 균,이닝,리드,Unnamed: 2,동점,Unnamed: 4,열세,Unnamed: 6,"('시작', '끝')","('전체', '종 합')","('전체', '리 드')","('전체', '동 점')","('전체', '열 세')","('리드', '종 합')","('리드', '리 드')","('리드', '동 점')","('리드', '열 세')","('동점', '종 합')","('동점', '리 드')","('동점', '동 점')","('동점', '열 세')","('열세', '종 합')","('열세', '리 드')","('열세', '동 점')","('열세', '열 세')","('시즌', '')"
0.0,13.0,0.0,13.0,0.0,0.0,2012.0,,,,,,,,,,,,,,,,,,,,,,,,,,,,,,,,,,,,
1.0,16.0,1.0,15.0,0.0,0.063,2012.0,,,,,,,,,,,,,,,,,,,,,,,,,,,,,,,,,,,,
2.0,20.0,8.0,11.0,1.0,0.421,2012.0,,,,,,,,,,,,,,,,,,,,,,,,,,,,,,,,,,,,
3.0,16.0,7.0,8.0,1.0,0.467,2012.0,,,,,,,,,,,,,,,,,,,,,,,,,,,,,,,,,,,,
4.0,23.0,14.0,8.0,1.0,0.636,2012.0,,,,,,,,,,,,,,,,,,,,,,,,,,,,,,,,,,,,
5.0,11.0,8.0,3.0,0.0,0.727,2012.0,,,,,,,,,,,,,,,,,,,,,,,,,,,,,,,,,,,,
6.0,11.0,10.0,1.0,0.0,0.909,2012.0,,,,,,,,,,,,,,,,,,,,,,,,,,,,,,,,,,,,
7.0,5.0,4.0,1.0,0.0,0.8,2012.0,,,,,,,,,,,,,,,,,,,,,,,,,,,,,,,,,,,,
8.0,7.0,5.0,2.0,0.0,0.714,2012.0,,,,,,,,,,,,,,,,,,,,,,,,,,,,,,,,,,,,
9.0,5.0,5.0,0.0,0.0,1.0,2012.0,,,,,,,,,,,,,,,,,,,,,,,,,,,,,,,,,,,,
10.0,1.0,1.0,0.0,0.0,1.0,2012.0,,,,,,,,,,,,,,,,,,,,,,,,,,,,,,,,,,,,
11.0,2.0,2.0,0.0,0.0,1.0,2012.0,,,,,,,,,,,,,,,,,,,,,,,,,,,,,,,,,,,,
13.0,3.0,3.0,0.0,0.0,1.0,2012.0,,,,,,,,,,,,,,,,,,,,,,,,,,,,,,,,,,,,
,12.0,12.0,0.0,0.0,1.0,2012.0,0.0,,,,,,,,,,,,,,,,,,,,,,,,,,,,,,,,,,,
,19.0,16.0,3.0,0.0,0.842,2012.0,1.0,,,,,,,,,,,,,,,,,,,,,,,,,,,,,,,,,,,
,22.0,16.0,5.0,1.0,0.762,2012.0,2.0,,,,,,,,,,,,,,,,,,,,,,,,,,,,,,,,,,,
,22.0,9.0,12.0,1.0,0.429,2012.0,3.0,,,,,,,,,,,,,,,,,,,,,,,,,,,,,,,,,,,
,11.0,4.0,6.0,1.0,0.4,2012.0,4.0,,,,,,,,,,,,,,,,,,,,,,,,,,,,,,,,,,,
,10.0,3.0,7.0,0.0,0.3,2012.0,5.0,,,,,,,,,,,,,,,,,,,,,,,,,,,,,,,,,,,
,9.0,1.0,8.0,0.0,0.111,2012.0,6.0,,,,,,,,,,,,,,,,,,,,,,,,,,,,,,,,,,,
,11.0,3.0,8.0,0.0,0.273,2012.0,7.0,,,,,,,,,,,,,,,,,,,,,,,,,,,,,,,,,,,
,7.0,2.0,5.0,0.0,0.286,2012.0,8.0,,,,,,,,,,,,,,,,,,,,,,,,,,,,,,,,,,,
,3.0,0.0,3.0,0.0,0.0,2012.0,9.0,,,,,,,,,,,,,,,,,,,,,,,,,,,,,,,,,,,
,1.0,0.0,1.0,0.0,0.0,2012.0,10.0,,,,,,,,,,,,,,,,,,,,,,,,,,,,,,,,,,,
,3.0,2.0,1.0,0.0,0.667,2012.0,11.0,,,,,,,,,,,,,,,,,,,,,,,,,,,,,,,,,,,
,1.0,0.0,1.0,0.0,0.0,2012.0,12.0,,,,,,,,,,,,,,,,,,,,,,,,,,,,,,,,,,,
,1.0,0.0,1.0,0.0,0.0,2012.0,13.0,,,,,,,,,,,,,,,,,,,,,,,,,,,,,,,,,,,
,1.0,0.0,1.0,0.0,0.0,2012.0,14.0,,,,,,,,,,,,,,,,,,,,,,,,,,,,,,,,,,,
,,,,,,2012.0,,1.0,99.0,34.0,20.0,10.0,1.0,2.0,1.0,8.0,0.44,,,,,,,,,,,,,,,,,,,,,,,,,
,,,,,,2012.0,,2.0,110.0,23.0,13.0,4.0,4.0,2.0,0.0,4.0,0.31,,,,,,,,,,,,,,,,,,,,,,,,,
,,,,,,2012.0,,3.0,93.0,40.0,22.0,9.0,6.0,1.0,2.0,6.0,0.55,,,,,,,,,,,,,,,,,,,,,,,,,
,,,,,,2012.0,,4.0,103.0,30.0,20.0,6.0,3.0,1.0,0.0,4.0,0.34,,,,,,,,,,,,,,,,,,,,,,,,,
,,,,,,2012.0,,5.0,93.0,40.0,20.0,9.0,6.0,1.0,4.0,8.0,0.64,,,,,,,,,,,,,,,,,,,,,,,,,
,,,,,,2012.0,,6.0,99.0,33.0,19.0,7.0,6.0,0.0,1.0,6.0,0.43,,,,,,,,,,,,,,,,,,,,,,,,,
,,,,,,2012.0,,7.0,101.0,31.0,17.0,3.0,9.0,2.0,0.0,4.0,0.44,,,,,,,,,,,,,,,,,,,,,,,,,
,,,,,,2012.0,,8.0,97.0,35.0,23.0,9.0,1.0,1.0,1.0,5.0,0.4,,,,,,,,,,,,,,,,,,,,,,,,,
,,,,,,2012.0,,9.0,77.0,29.0,19.0,8.0,2.0,0.0,0.0,3.0,0.39,,,,,,,,,,,,,,,,,,,,,,,,,
,,,,,,2012.0,,10.0,8.0,4.0,3.0,1.0,0.0,0.0,0.0,2.0,0.42,,,,,,,,,,,,,,,,,,,,,,,,,
,,,,,,2012.0,,11.0,6.0,2.0,2.0,0.0,0.0,0.0,0.0,1.0,0.25,,,,,,,,,,,,,,,,,,,,,,,,,
,,,,,,2012.0,,12.0,4.0,2.0,1.0,0.0,0.0,1.0,0.0,4.0,0.83,,,,,,,,,,,,,,,,,,,,,,,,,
,,,,,,2012.0,,1.0,95.0,38.0,20.0,11.0,3.0,2.0,2.0,5.0,0.52,,,,,,,,,,,,,,,,,,,,,,,,,
,,,,,,2012.0,,2.0,99.0,34.0,22.0,6.0,1.0,3.0,2.0,5.0,0.44,,,,,,,,,,,,,,,,,,,,,,,,,
,,,,,,2012.0,,3.0,104.0,29.0,15.0,8.0,4.0,2.0,0.0,4.0,0.38,,,,,,,,,,,,,,,,,,,,,,,,,
,,,,,,2012.0,,4.0,97.0,36.0,23.0,9.0,3.0,0.0,1.0,5.0,0.41,,,,,,,,,,,,,,,,,,,,,,,,,
,,,,,,2012.0,,5.0,102.0,31.0,16.0,7.0,0.0,7.0,1.0,6.0,0.48,,,,,,,,,,,,,,,,,,,,,,,,,
,,,,,,2012.0,,6.0,98.0,34.0,18.0,5.0,7.0,3.0,1.0,5.0,0.5,,,,,,,,,,,,,,,,,,,,,,,,,
,,,,,,2012.0,,7.0,100.0,32.0,17.0,5.0,5.0,3.0,2.0,9.0,0.52,,,,,,,,,,,,,,,,,,,,,,,,,
,,,,,,2012.0,,8.0,102.0,30.0,18.0,5.0,6.0,1.0,0.0,4.0,0.38,,,,,,,,,,,,,,,,,,,,,,,,,
,,,,,,2012.0,,9.0,91.0,17.0,7.0,7.0,3.0,0.0,0.0,3.0,0.28,,,,,,,,,,,,,,,,,,,,,,,,,
,,,,,,2012.0,,10.0,12.0,0.0,0.0,0.0,0.0,0.0,0.0,0.0,0.0,,,,,,,,,,,,,,,,,,,,,,,,,
,,,,,,2012.0,,11.0,4.0,4.0,3.0,1.0,0.0,0.0,0.0,2.0,0.63,,,,,,,,,,,,,,,,,,,,,,,,,
,,,,,,2012.0,,12.0,5.0,1.0,1.0,0.0,0.0,0.0,0.0,1.0,0.17,,,,,,,,,,,,,,,,,,,,,,,,,
,,,,,,2012.0,,,,,,,,,,,,1.0,,,68-62-3 (0.523),0.523,,,,,,,,,,,,,,,,,,,,
,,,,,,2012.0,,,,,,,,,,,,2.0,17-5-1 (0.773),0.773,42-37-2 (0.532),0.532,9-20-0 (0.310),0.31,,,,,,,,,,,,,,,,,,
,,,,,,2012.0,,,,,,,,,,,,3.0,28-2-1 (0.933),0.933,27-28-2 (0.491),0.491,13-32-0 (0.289),0.289,,,,,,,,,,,,,,,,,,
,,,,,,2012.0,,,,,,,,,,,,4.0,39-4-2 (0.907),0.907,13-22-1 (0.371),0.371,16-36-0 (0.308),0.308,,,,,,,,,,,,,,,,,,
,,,,,,2012.0,,,,,,,,,,,,5.0,41-6-2 (0.872),0.872,12-13-0 (0.480),0.48,15-43-1 (0.259),0.259,,,,,,,,,,,,,,,,,,
,,,,,,2012.0,,,,,,,,,,,,6.0,49-8-2 (0.860),0.86,8-8-0 (0.500),0.5,11-46-1 (0.193),0.193,,,,,,,,,,,,,,,,,,
,,,,,,2012.0,,,,,,,,,,,,7.0,50-5-2 (0.909),0.909,8-5-0 (0.615),0.615,10-51-1 (0.164),0.164,,,,,,,,,,,,,,,,,,
,,,,,,2012.0,,,,,,,,,,,,8.0,53-3-2 (0.946),0.946,9-5-0 (0.643),0.643,6-53-1 (0.102),0.102,,,,,,,,,,,,,,,,,,
,,,,,,2012.0,,,,,,,,,,,,9.0,55-1-0 (0.982),0.982,8-4-0 (0.667),0.667,5-56-3 (0.082),0.082,,,,,,,,,,,,,,,,,,
,,,,,,2012.0,,,,,,,,,,,,10.0,,,6-3-3 (0.667),0.667,,,,,,,,,,,,,,,,,,,,
,,,,,,2012.0,,,,,,,,,,,,11.0,,,2-3-3 (0.400),0.4,,,,,,,,,,,,,,,,,,,,
,,,,,,2012.0,,,,,,,,,,,,12.0,,,2-1-3 (0.667),0.667,,,,,,,,,,,,,,,,,,,,
,,,,,,,,,,,,,,,,,,,,,,,,,1회,133.0,23.0,81.0,29.0,,,,,133.0,23.0,81.0,29.0,,,,,2012.0
,,,,,,,,,,,,,,,,,,,,,,,,,2회,133.0,31.0,57.0,45.0,23.0,18.0,2.0,3.0,81.0,12.0,53.0,16.0,29.0,1.0,2.0,26.0,2012.0
,,,,,,,,,,,,,,,,,,,,,,,,,3회,133.0,45.0,36.0,52.0,31.0,30.0,1.0,0.0,57.0,14.0,32.0,11.0,45.0,1.0,3.0,41.0,2012.0
,,,,,,,,,,,,,,,,,,,,,,,,,4회,133.0,49.0,25.0,59.0,45.0,41.0,2.0,2.0,36.0,6.0,16.0,14.0,52.0,2.0,7.0,43.0,2012.0
,,,,,,,,,,,,,,,,,,,,,,,,,5회,133.0,59.0,16.0,58.0,49.0,45.0,1.0,3.0,25.0,7.0,12.0,6.0,59.0,7.0,3.0,49.0,2012.0
,,,,,,,,,,,,,,,,,,,,,,,,,6회,132.0,57.0,13.0,62.0,59.0,52.0,3.0,4.0,16.0,2.0,7.0,7.0,57.0,3.0,3.0,51.0,2012.0
,,,,,,,,,,,,,,,,,,,,,,,,,7회,132.0,58.0,14.0,60.0,57.0,54.0,0.0,3.0,13.0,3.0,10.0,0.0,62.0,1.0,4.0,57.0,2012.0
,,,,,,,,,,,,,,,,,,,,,,,,,8회,132.0,56.0,12.0,64.0,58.0,52.0,1.0,5.0,14.0,3.0,8.0,3.0,60.0,1.0,3.0,56.0,2012.0
,,,,,,,,,,,,,,,,,,,,,,,,,9회,82.0,36.0,12.0,34.0,30.0,27.0,2.0,1.0,12.0,6.0,5.0,1.0,40.0,3.0,5.0,32.0,2012.0
,,,,,,,,,,,,,,,,,,,,,,,,,10회,12.0,4.0,8.0,0.0,,,,,12.0,4.0,8.0,0.0,,,,,2012.0
,,,,,,,,,,,,,,,,,,,,,,,,,11회,8.0,0.0,6.0,2.0,,,,,8.0,0.0,6.0,2.0,,,,,2012.0
,,,,,,,,,,,,,,,,,,,,,,,,,12회,6.0,2.0,3.0,1.0,,,,,6.0,2.0,3.0,1.0,,,,,2012.0
0.0,4.0,0.0,4.0,0.0,0.0,2013.0,,,,,,,,,,,,,,,,,,,,,,,,,,,,,,,,,,,,
1.0,8.0,0.0,8.0,0.0,0.0,2013.0,,,,,,,,,,,,,,,,,,,,,,,,,,,,,,,,,,,,
2.0,14.0,3.0,11.0,0.0,0.214,2013.0,,,,,,,,,,,,,,,,,,,,,,,,,,,,,,,,,,,,
3.0,15.0,3.0,11.0,1.0,0.214,2013.0,,,,,,,,,,,,,,,,,,,,,,,,,,,,,,,,,,,,
4.0,11.0,6.0,4.0,1.0,0.6,2013.0,,,,,,,,,,,,,,,,,,,,,,,,,,,,,,,,,,,,
5.0,17.0,8.0,9.0,0.0,0.471,2013.0,,,,,,,,,,,,,,,,,,,,,,,,,,,,,,,,,,,,
6.0,17.0,11.0,5.0,1.0,0.688,2013.0,,,,,,,,,,,,,,,,,,,,,,,,,,,,,,,,,,,,
7.0,12.0,11.0,1.0,0.0,0.917,2013.0,,,,,,,,,,,,,,,,,,,,,,,,,,,,,,,,,,,,
8.0,9.0,9.0,0.0,0.0,1.0,2013.0,,,,,,,,,,,,,,,,,,,,,,,,,,,,,,,,,,,,
9.0,8.0,8.0,0.0,0.0,1.0,2013.0,,,,,,,,,,,,,,,,,,,,,,,,,,,,,,,,,,,,
11.0,7.0,7.0,0.0,0.0,1.0,2013.0,,,,,,,,,,,,,,,,,,,,,,,,,,,,,,,,,,,,
12.0,2.0,1.0,1.0,0.0,0.5,2013.0,,,,,,,,,,,,,,,,,,,,,,,,,,,,,,,,,,,,
13.0,1.0,1.0,0.0,0.0,1.0,2013.0,,,,,,,,,,,,,,,,,,,,,,,,,,,,,,,,,,,,
15.0,3.0,3.0,0.0,0.0,1.0,2013.0,,,,,,,,,,,,,,,,,,,,,,,,,,,,,,,,,,,,
,8.0,8.0,0.0,0.0,1.0,2013.0,0.0,,,,,,,,,,,,,,,,,,,,,,,,,,,,,,,,,,,
,11.0,10.0,1.0,0.0,0.909,2013.0,1.0,,,,,,,,,,,,,,,,,,,,,,,,,,,,,,,,,,,
,13.0,12.0,1.0,0.0,0.923,2013.0,2.0,,,,,,,,,,,,,,,,,,,,,,,,,,,,,,,,,,,
,15.0,9.0,5.0,1.0,0.643,2013.0,3.0,,,,,,,,,,,,,,,,,,,,,,,,,,,,,,,,,,,
,21.0,14.0,6.0,1.0,0.7,2013.0,4.0,,,,,,,,,,,,,,,,,,,,,,,,,,,,,,,,,,,
,11.0,6.0,5.0,0.0,0.545,2013.0,5.0,,,,,,,,,,,,,,,,,,,,,,,,,,,,,,,,,,,
,13.0,5.0,7.0,1.0,0.417,2013.0,6.0,,,,,,,,,,,,,,,,,,,,,,,,,,,,,,,,,,,
,11.0,5.0,6.0,0.0,0.455,2013.0,7.0,,,,,,,,,,,,,,,,,,,,,,,,,,,,,,,,,,,
,11.0,1.0,10.0,0.0,0.091,2013.0,8.0,,,,,,,,,,,,,,,,,,,,,,,,,,,,,,,,,,,
,4.0,0.0,4.0,0.0,0.0,2013.0,9.0,,,,,,,,,,,,,,,,,,,,,,,,,,,,,,,,,,,
,3.0,0.0,3.0,0.0,0.0,2013.0,10.0,,,,,,,,,,,,,,,,,,,,,,,,,,,,,,,,,,,
,1.0,0.0,1.0,0.0,0.0,2013.0,11.0,,,,,,,,,,,,,,,,,,,,,,,,,,,,,,,,,,,
,1.0,1.0,0.0,0.0,1.0,2013.0,12.0,,,,,,,,,,,,,,,,,,,,,,,,,,,,,,,,,,,
,2.0,0.0,2.0,0.0,0.0,2013.0,13.0,,,,,,,,,,,,,,,,,,,,,,,,,,,,,,,,,,,
,1.0,0.0,1.0,0.0,0.0,2013.0,14.0,,,,,,,,,,,,,,,,,,,,,,,,,,,,,,,,,,,
,1.0,0.0,1.0,0.0,0.0,2013.0,15.0,,,,,,,,,,,,,,,,,,,,,,,,,,,,,,,,,,,
,1.0,0.0,1.0,0.0,0.0,2013.0,17.0,,,,,,,,,,,,,,,,,,,,,,,,,,,,,,,,,,,
,,,,,,2013.0,,1.0,79.0,49.0,24.0,12.0,6.0,6.0,1.0,9.0,0.77,,,,,,,,,,,,,,,,,,,,,,,,,
,,,,,,2013.0,,2.0,85.0,43.0,20.0,11.0,5.0,4.0,3.0,5.0,0.69,,,,,,,,,,,,,,,,,,,,,,,,,
,,,,,,2013.0,,3.0,84.0,44.0,23.0,9.0,7.0,2.0,3.0,7.0,0.7,,,,,,,,,,,,,,,,,,,,,,,,,
,,,,,,2013.0,,4.0,90.0,38.0,22.0,9.0,3.0,3.0,1.0,5.0,0.52,,,,,,,,,,,,,,,,,,,,,,,,,
,,,,,,2013.0,,5.0,87.0,41.0,20.0,12.0,6.0,1.0,2.0,6.0,0.6,,,,,,,,,,,,,,,,,,,,,,,,,
,,,,,,2013.0,,6.0,93.0,35.0,20.0,9.0,3.0,2.0,1.0,5.0,0.47,,,,,,,,,,,,,,,,,,,,,,,,,
,,,,,,2013.0,,7.0,84.0,44.0,22.0,12.0,9.0,1.0,0.0,4.0,0.6,,,,,,,,,,,,,,,,,,,,,,,,,
,,,,,,2013.0,,8.0,84.0,44.0,21.0,17.0,2.0,1.0,3.0,7.0,0.64,,,,,,,,,,,,,,,,,,,,,,,,,
,,,,,,2013.0,,9.0,70.0,26.0,14.0,5.0,4.0,2.0,1.0,7.0,0.53,,,,,,,,,,,,,,,,,,,,,,,,,
,,,,,,2013.0,,10.0,11.0,2.0,1.0,0.0,1.0,0.0,0.0,3.0,0.31,,,,,,,,,,,,,,,,,,,,,,,,,
,,,,,,2013.0,,11.0,5.0,4.0,3.0,1.0,0.0,0.0,0.0,2.0,0.56,,,,,,,,,,,,,,,,,,,,,,,,,
,,,,,,2013.0,,12.0,4.0,0.0,0.0,0.0,0.0,0.0,0.0,0.0,0.0,,,,,,,,,,,,,,,,,,,,,,,,,
,,,,,,2013.0,,1.0,75.0,53.0,26.0,14.0,8.0,4.0,1.0,6.0,0.78,,,,,,,,,,,,,,,,,,,,,,,,,
,,,,,,2013.0,,2.0,99.0,29.0,13.0,10.0,5.0,0.0,1.0,5.0,0.41,,,,,,,,,,,,,,,,,,,,,,,,,
,,,,,,2013.0,,3.0,100.0,28.0,14.0,4.0,6.0,2.0,2.0,5.0,0.45,,,,,,,,,,,,,,,,,,,,,,,,,
,,,,,,2013.0,,4.0,97.0,31.0,10.0,10.0,5.0,1.0,5.0,7.0,0.6,,,,,,,,,,,,,,,,,,,,,,,,,
,,,,,,2013.0,,5.0,90.0,38.0,24.0,9.0,2.0,1.0,2.0,8.0,0.51,,,,,,,,,,,,,,,,,,,,,,,,,
,,,,,,2013.0,,6.0,97.0,31.0,12.0,5.0,7.0,5.0,2.0,6.0,0.58,,,,,,,,,,,,,,,,,,,,,,,,,
,,,,,,2013.0,,7.0,93.0,35.0,19.0,10.0,3.0,1.0,2.0,5.0,0.48,,,,,,,,,,,,,,,,,,,,,,,,,
,,,,,,2013.0,,8.0,83.0,45.0,21.0,15.0,6.0,0.0,3.0,6.0,0.66,,,,,,,,,,,,,,,,,,,,,,,,,
,,,,,,2013.0,,9.0,79.0,25.0,14.0,5.0,2.0,3.0,1.0,5.0,0.45,,,,,,,,,,,,,,,,,,,,,,,,,
,,,,,,2013.0,,10.0,11.0,1.0,1.0,0.0,0.0,0.0,0.0,1.0,0.08,,,,,,,,,,,,,,,,,,,,,,,,,
,,,,,,2013.0,,11.0,8.0,1.0,0.0,1.0,0.0,0.0,0.0,2.0,0.22,,,,,,,,,,,,,,,,,,,,,,,,,
,,,,,,2013.0,,12.0,3.0,1.0,1.0,0.0,0.0,0.0,0.0,1.0,0.25,,,,,,,,,,,,,,,,,,,,,,,,,
,,,,,,2013.0,,,,,,,,,,,,1.0,,,71-54-3 (0.568),0.568,,,,,,,,,,,,,,,,,,,,
,,,,,,2013.0,,,,,,,,,,,,2.0,26-10-0 (0.722),0.722,26-23-1 (0.531),0.531,19-21-2 (0.475),0.475,,,,,,,,,,,,,,,,,,
,,,,,,2013.0,,,,,,,,,,,,3.0,37-13-0 (0.740),0.74,19-17-1 (0.528),0.528,15-24-2 (0.385),0.385,,,,,,,,,,,,,,,,,,
,,,,,,2013.0,,,,,,,,,,,,4.0,49-12-0 (0.803),0.803,14-14-2 (0.500),0.5,8-28-1 (0.222),0.222,,,,,,,,,,,,,,,,,,
,,,,,,2013.0,,,,,,,,,,,,5.0,46-9-1 (0.836),0.836,18-10-1 (0.643),0.643,7-35-1 (0.167),0.167,,,,,,,,,,,,,,,,,,
,,,,,,2013.0,,,,,,,,,,,,6.0,52-8-0 (0.867),0.867,13-12-1 (0.520),0.52,6-34-2 (0.150),0.15,,,,,,,,,,,,,,,,,,
,,,,,,2013.0,,,,,,,,,,,,7.0,56-8-1 (0.875),0.875,7-5-1 (0.583),0.583,8-41-1 (0.163),0.163,,,,,,,,,,,,,,,,,,
,,,,,,2013.0,,,,,,,,,,,,8.0,62-4-2 (0.939),0.939,6-5-0 (0.545),0.545,3-45-1 (0.063),0.063,,,,,,,,,,,,,,,,,,
,,,,,,2013.0,,,,,,,,,,,,9.0,62-2-1 (0.969),0.969,7-4-2 (0.636),0.636,2-48-0 (0.040),0.04,,,,,,,,,,,,,,,,,,
,,,,,,2013.0,,,,,,,,,,,,10.0,,,6-3-3 (0.667),0.667,,,,,,,,,,,,,,,,,,,,
,,,,,,2013.0,,,,,,,,,,,,11.0,,,4-2-3 (0.667),0.667,,,,,,,,,,,,,,,,,,,,
,,,,,,2013.0,,,,,,,,,,,,12.0,,,0-1-3 (0.000),0.0,,,,,,,,,,,,,,,,,,,,
,,,,,,,,,,,,,,,,,,,,,,,,,1회,128.0,36.0,50.0,42.0,,,,,128.0,36.0,50.0,42.0,,,,,2013.0
,,,,,,,,,,,,,,,,,,,,,,,,,2회,128.0,50.0,37.0,41.0,36.0,31.0,4.0,1.0,50.0,13.0,28.0,9.0,42.0,6.0,5.0,31.0,2013.0
,,,,,,,,,,,,,,,,,,,,,,,,,3회,128.0,61.0,30.0,37.0,50.0,45.0,4.0,1.0,37.0,10.0,23.0,4.0,41.0,6.0,3.0,32.0,2013.0
,,,,,,,,,,,,,,,,,,,,,,,,,4회,128.0,56.0,29.0,43.0,61.0,51.0,5.0,5.0,30.0,5.0,22.0,3.0,37.0,0.0,2.0,35.0,2013.0
,,,,,,,,,,,,,,,,,,,,,,,,,5회,128.0,60.0,26.0,42.0,56.0,51.0,4.0,1.0,29.0,8.0,18.0,3.0,43.0,1.0,4.0,38.0,2013.0
,,,,,,,,,,,,,,,,,,,,,,,,,6회,128.0,65.0,13.0,50.0,60.0,57.0,1.0,2.0,26.0,8.0,10.0,8.0,42.0,0.0,2.0,40.0,2013.0
,,,,,,,,,,,,,,,,,,,,,,,,,7회,128.0,68.0,11.0,49.0,65.0,60.0,3.0,2.0,13.0,4.0,7.0,2.0,50.0,4.0,1.0,45.0,2013.0
,,,,,,,,,,,,,,,,,,,,,,,,,8회,128.0,65.0,13.0,50.0,68.0,62.0,6.0,0.0,11.0,2.0,6.0,3.0,49.0,1.0,1.0,47.0,2013.0
,,,,,,,,,,,,,,,,,,,,,,,,,9회,72.0,33.0,12.0,27.0,33.0,28.0,3.0,2.0,13.0,3.0,8.0,2.0,26.0,2.0,1.0,23.0,2013.0
,,,,,,,,,,,,,,,,,,,,,,,,,10회,12.0,2.0,9.0,1.0,,,,,12.0,2.0,9.0,1.0,,,,,2013.0
,,,,,,,,,,,,,,,,,,,,,,,,,11회,9.0,4.0,4.0,1.0,,,,,9.0,4.0,4.0,1.0,,,,,2013.0
,,,,,,,,,,,,,,,,,,,,,,,,,12회,4.0,0.0,3.0,1.0,,,,,4.0,0.0,3.0,1.0,,,,,2013.0
0.0,7.0,0.0,7.0,0.0,0.0,2014.0,,,,,,,,,,,,,,,,,,,,,,,,,,,,,,,,,,,,
1.0,12.0,0.0,12.0,0.0,0.0,2014.0,,,,,,,,,,,,,,,,,,,,,,,,,,,,,,,,,,,,
2.0,16.0,3.0,13.0,0.0,0.188,2014.0,,,,,,,,,,,,,,,,,,,,,,,,,,,,,,,,,,,,
3.0,12.0,2.0,9.0,1.0,0.182,2014.0,,,,,,,,,,,,,,,,,,,,,,,,,,,,,,,,,,,,
4.0,13.0,6.0,7.0,0.0,0.462,2014.0,,,,,,,,,,,,,,,,,,,,,,,,,,,,,,,,,,,,
5.0,10.0,6.0,4.0,0.0,0.6,2014.0,,,,,,,,,,,,,,,,,,,,,,,,,,,,,,,,,,,,
6.0,16.0,10.0,6.0,0.0,0.625,2014.0,,,,,,,,,,,,,,,,,,,,,,,,,,,,,,,,,,,,
7.0,10.0,6.0,4.0,0.0,0.6,2014.0,,,,,,,,,,,,,,,,,,,,,,,,,,,,,,,,,,,,
8.0,8.0,5.0,3.0,0.0,0.625,2014.0,,,,,,,,,,,,,,,,,,,,,,,,,,,,,,,,,,,,
9.0,5.0,5.0,0.0,0.0,1.0,2014.0,,,,,,,,,,,,,,,,,,,,,,,,,,,,,,,,,,,,
10.0,6.0,3.0,3.0,0.0,0.5,2014.0,,,,,,,,,,,,,,,,,,,,,,,,,,,,,,,,,,,,
11.0,4.0,4.0,0.0,0.0,1.0,2014.0,,,,,,,,,,,,,,,,,,,,,,,,,,,,,,,,,,,,
12.0,3.0,3.0,0.0,0.0,1.0,2014.0,,,,,,,,,,,,,,,,,,,,,,,,,,,,,,,,,,,,
13.0,1.0,1.0,0.0,0.0,1.0,2014.0,,,,,,,,,,,,,,,,,,,,,,,,,,,,,,,,,,,,
14.0,1.0,1.0,0.0,0.0,1.0,2014.0,,,,,,,,,,,,,,,,,,,,,,,,,,,,,,,,,,,,
15.0,3.0,3.0,0.0,0.0,1.0,2014.0,,,,,,,,,,,,,,,,,,,,,,,,,,,,,,,,,,,,
17.0,1.0,1.0,0.0,0.0,1.0,2014.0,,,,,,,,,,,,,,,,,,,,,,,,,,,,,,,,,,,,
,2.0,2.0,0.0,0.0,1.0,2014.0,0.0,,,,,,,,,,,,,,,,,,,,,,,,,,,,,,,,,,,
,16.0,15.0,1.0,0.0,0.938,2014.0,1.0,,,,,,,,,,,,,,,,,,,,,,,,,,,,,,,,,,,
,14.0,10.0,4.0,0.0,0.714,2014.0,2.0,,,,,,,,,,,,,,,,,,,,,,,,,,,,,,,,,,,
,13.0,8.0,4.0,1.0,0.667,2014.0,3.0,,,,,,,,,,,,,,,,,,,,,,,,,,,,,,,,,,,
,11.0,5.0,6.0,0.0,0.455,2014.0,4.0,,,,,,,,,,,,,,,,,,,,,,,,,,,,,,,,,,,
,12.0,5.0,7.0,0.0,0.417,2014.0,5.0,,,,,,,,,,,,,,,,,,,,,,,,,,,,,,,,,,,
,16.0,9.0,7.0,0.0,0.563,2014.0,6.0,,,,,,,,,,,,,,,,,,,,,,,,,,,,,,,,,,,
,8.0,0.0,8.0,0.0,0.0,2014.0,7.0,,,,,,,,,,,,,,,,,,,,,,,,,,,,,,,,,,,
,8.0,1.0,7.0,0.0,0.125,2014.0,8.0,,,,,,,,,,,,,,,,,,,,,,,,,,,,,,,,,,,
,10.0,2.0,8.0,0.0,0.2,2014.0,9.0,,,,,,,,,,,,,,,,,,,,,,,,,,,,,,,,,,,
,5.0,1.0,4.0,0.0,0.2,2014.0,10.0,,,,,,,,,,,,,,,,,,,,,,,,,,,,,,,,,,,
,4.0,1.0,3.0,0.0,0.25,2014.0,12.0,,,,,,,,,,,,,,,,,,,,,,,,,,,,,,,,,,,
,2.0,0.0,2.0,0.0,0.0,2014.0,13.0,,,,,,,,,,,,,,,,,,,,,,,,,,,,,,,,,,,
,2.0,0.0,2.0,0.0,0.0,2014.0,14.0,,,,,,,,,,,,,,,,,,,,,,,,,,,,,,,,,,,
,3.0,0.0,3.0,0.0,0.0,2014.0,15.0,,,,,,,,,,,,,,,,,,,,,,,,,,,,,,,,,,,
,1.0,0.0,1.0,0.0,0.0,2014.0,19.0,,,,,,,,,,,,,,,,,,,,,,,,,,,,,,,,,,,
,1.0,0.0,1.0,0.0,0.0,2014.0,23.0,,,,,,,,,,,,,,,,,,,,,,,,,,,,,,,,,,,
,,,,,,2014.0,,1.0,82.0,46.0,26.0,9.0,8.0,3.0,0.0,4.0,0.63,,,,,,,,,,,,,,,,,,,,,,,,,
,,,,,,2014.0,,2.0,89.0,39.0,22.0,10.0,5.0,2.0,0.0,4.0,0.51,,,,,,,,,,,,,,,,,,,,,,,,,
,,,,,,2014.0,,3.0,85.0,43.0,19.0,11.0,8.0,3.0,2.0,5.0,0.68,,,,,,,,,,,,,,,,,,,,,,,,,
,,,,,,2014.0,,4.0,92.0,36.0,15.0,14.0,6.0,1.0,0.0,4.0,0.51,,,,,,,,,,,,,,,,,,,,,,,,,
,,,,,,2014.0,,5.0,90.0,38.0,17.0,10.0,5.0,2.0,4.0,9.0,0.69,,,,,,,,,,,,,,,,,,,,,,,,,
,,,,,,2014.0,,6.0,84.0,42.0,27.0,6.0,5.0,2.0,2.0,5.0,0.57,,,,,,,,,,,,,,,,,,,,,,,,,
,,,,,,2014.0,,7.0,73.0,52.0,31.0,12.0,3.0,3.0,3.0,6.0,0.74,,,,,,,,,,,,,,,,,,,,,,,,,
,,,,,,2014.0,,8.0,91.0,33.0,13.0,12.0,6.0,2.0,0.0,4.0,0.51,,,,,,,,,,,,,,,,,,,,,,,,,
,,,,,,2014.0,,9.0,65.0,36.0,21.0,7.0,5.0,1.0,2.0,7.0,0.66,,,,,,,,,,,,,,,,,,,,,,,,,
,,,,,,2014.0,,10.0,6.0,1.0,1.0,0.0,0.0,0.0,0.0,1.0,0.14,,,,,,,,,,,,,,,,,,,,,,,,,
,,,,,,2014.0,,11.0,3.0,1.0,0.0,0.0,0.0,1.0,0.0,4.0,1.0,,,,,,,,,,,,,,,,,,,,,,,,,
,,,,,,2014.0,,12.0,2.0,1.0,1.0,0.0,0.0,0.0,0.0,1.0,0.33,,,,,,,,,,,,,,,,,,,,,,,,,
,,,,,,2014.0,,1.0,81.0,47.0,24.0,14.0,4.0,3.0,2.0,7.0,0.7,,,,,,,,,,,,,,,,,,,,,,,,,
,,,,,,2014.0,,2.0,89.0,39.0,20.0,11.0,4.0,2.0,2.0,7.0,0.58,,,,,,,,,,,,,,,,,,,,,,,,,
,,,,,,2014.0,,3.0,88.0,40.0,17.0,11.0,8.0,2.0,2.0,5.0,0.63,,,,,,,,,,,,,,,,,,,,,,,,,
,,,,,,2014.0,,4.0,91.0,37.0,14.0,8.0,6.0,5.0,4.0,8.0,0.74,,,,,,,,,,,,,,,,,,,,,,,,,
,,,,,,2014.0,,5.0,88.0,40.0,16.0,14.0,8.0,0.0,2.0,7.0,0.63,,,,,,,,,,,,,,,,,,,,,,,,,
,,,,,,2014.0,,6.0,84.0,44.0,22.0,10.0,7.0,3.0,2.0,5.0,0.66,,,,,,,,,,,,,,,,,,,,,,,,,
,,,,,,2014.0,,7.0,79.0,47.0,20.0,14.0,5.0,4.0,4.0,7.0,0.8,,,,,,,,,,,,,,,,,,,,,,,,,
,,,,,,2014.0,,8.0,90.0,35.0,17.0,9.0,4.0,2.0,3.0,10.0,0.62,,,,,,,,,,,,,,,,,,,,,,,,,
,,,,,,2014.0,,9.0,66.0,30.0,20.0,5.0,4.0,1.0,0.0,4.0,0.48,,,,,,,,,,,,,,,,,,,,,,,,,
,,,,,,2014.0,,10.0,5.0,2.0,1.0,1.0,0.0,0.0,0.0,2.0,0.43,,,,,,,,,,,,,,,,,,,,,,,,,
,,,,,,2014.0,,11.0,4.0,0.0,0.0,0.0,0.0,0.0,0.0,0.0,0.0,,,,,,,,,,,,,,,,,,,,,,,,,
,,,,,,2014.0,,12.0,2.0,1.0,1.0,0.0,0.0,0.0,0.0,1.0,0.33,,,,,,,,,,,,,,,,,,,,,,,,,
,,,,,,2014.0,,,,,,,,,,,,1.0,,,59-68-1 (0.465),0.465,,,,,,,,,,,,,,,,,,,,
,,,,,,2014.0,,,,,,,,,,,,2.0,21-13-0 (0.618),0.618,25-30-1 (0.455),0.455,13-25-0 (0.342),0.342,,,,,,,,,,,,,,,,,,
,,,,,,2014.0,,,,,,,,,,,,3.0,30-15-0 (0.667),0.667,16-17-1 (0.485),0.485,13-36-0 (0.265),0.265,,,,,,,,,,,,,,,,,,
,,,,,,2014.0,,,,,,,,,,,,4.0,41-15-0 (0.732),0.732,10-10-1 (0.500),0.5,8-43-0 (0.157),0.157,,,,,,,,,,,,,,,,,,
,,,,,,2014.0,,,,,,,,,,,,5.0,44-15-0 (0.746),0.746,6-7-0 (0.462),0.462,9-46-1 (0.164),0.164,,,,,,,,,,,,,,,,,,
,,,,,,2014.0,,,,,,,,,,,,6.0,47-11-0 (0.810),0.81,3-8-0 (0.273),0.273,9-49-1 (0.155),0.155,,,,,,,,,,,,,,,,,,
,,,,,,2014.0,,,,,,,,,,,,7.0,50-9-0 (0.847),0.847,4-7-0 (0.364),0.364,5-50-1 (0.091),0.091,,,,,,,,,,,,,,,,,,
,,,,,,2014.0,,,,,,,,,,,,8.0,48-6-0 (0.889),0.889,5-5-0 (0.500),0.5,5-55-1 (0.083),0.083,,,,,,,,,,,,,,,,,,
,,,,,,2014.0,,,,,,,,,,,,9.0,51-3-0 (0.944),0.944,4-5-0 (0.444),0.444,2-58-1 (0.033),0.033,,,,,,,,,,,,,,,,,,
,,,,,,2014.0,,,,,,,,,,,,10.0,,,3-3-1 (0.500),0.5,,,,,,,,,,,,,,,,,,,,
,,,,,,2014.0,,,,,,,,,,,,11.0,,,2-1-1 (0.667),0.667,,,,,,,,,,,,,,,,,,,,
,,,,,,2014.0,,,,,,,,,,,,12.0,,,1-1-1 (0.500),0.5,,,,,,,,,,,,,,,,,,,,
,,,,,,,,,,,,,,,,,,,,,,,,,1회,128.0,34.0,56.0,38.0,,,,,128.0,34.0,56.0,38.0,,,,,2014.0
,,,,,,,,,,,,,,,,,,,,,,,,,2회,128.0,45.0,34.0,49.0,34.0,29.0,2.0,3.0,56.0,14.0,28.0,14.0,38.0,2.0,4.0,32.0,2014.0
,,,,,,,,,,,,,,,,,,,,,,,,,3회,128.0,56.0,21.0,51.0,45.0,41.0,2.0,2.0,34.0,10.0,17.0,7.0,49.0,5.0,2.0,42.0,2014.0
,,,,,,,,,,,,,,,,,,,,,,,,,4회,128.0,59.0,13.0,56.0,56.0,51.0,1.0,4.0,21.0,4.0,11.0,6.0,51.0,4.0,1.0,46.0,2014.0
,,,,,,,,,,,,,,,,,,,,,,,,,5회,128.0,58.0,11.0,59.0,59.0,53.0,1.0,5.0,13.0,1.0,8.0,4.0,56.0,4.0,2.0,50.0,2014.0
,,,,,,,,,,,,,,,,,,,,,,,,,6회,126.0,59.0,11.0,56.0,58.0,53.0,5.0,0.0,11.0,2.0,5.0,4.0,57.0,4.0,1.0,52.0,2014.0
,,,,,,,,,,,,,,,,,,,,,,,,,7회,125.0,54.0,10.0,61.0,58.0,52.0,2.0,4.0,11.0,1.0,6.0,4.0,56.0,1.0,2.0,53.0,2014.0
,,,,,,,,,,,,,,,,,,,,,,,,,8회,124.0,54.0,9.0,61.0,53.0,50.0,0.0,3.0,10.0,2.0,7.0,1.0,61.0,2.0,2.0,57.0,2014.0
,,,,,,,,,,,,,,,,,,,,,,,,,9회,73.0,31.0,7.0,35.0,31.0,27.0,2.0,2.0,9.0,2.0,4.0,3.0,33.0,2.0,1.0,30.0,2014.0
,,,,,,,,,,,,,,,,,,,,,,,,,10회,7.0,1.0,4.0,2.0,,,,,7.0,1.0,4.0,2.0,,,,,2014.0
,,,,,,,,,,,,,,,,,,,,,,,,,11회,4.0,1.0,3.0,0.0,,,,,4.0,1.0,3.0,0.0,,,,,2014.0
,,,,,,,,,,,,,,,,,,,,,,,,,12회,3.0,1.0,1.0,1.0,,,,,3.0,1.0,1.0,1.0,,,,,2014.0
0.0,4.0,0.0,4.0,0.0,0.0,2015.0,,,,,,,,,,,,,,,,,,,,,,,,,,,,,,,,,,,,
1.0,10.0,1.0,9.0,0.0,0.1,2015.0,,,,,,,,,,,,,,,,,,,,,,,,,,,,,,,,,,,,
2.0,13.0,2.0,11.0,0.0,0.154,2015.0,,,,,,,,,,,,,,,,,,,,,,,,,,,,,,,,,,,,
3.0,14.0,4.0,10.0,0.0,0.286,2015.0,,,,,,,,,,,,,,,,,,,,,,,,,,,,,,,,,,,,
4.0,19.0,7.0,12.0,0.0,0.368,2015.0,,,,,,,,,,,,,,,,,,,,,,,,,,,,,,,,,,,,
5.0,18.0,10.0,8.0,0.0,0.556,2015.0,,,,,,,,,,,,,,,,,,,,,,,,,,,,,,,,,,,,
6.0,18.0,12.0,6.0,0.0,0.667,2015.0,,,,,,,,,,,,,,,,,,,,,,,,,,,,,,,,,,,,
7.0,12.0,9.0,3.0,0.0,0.75,2015.0,,,,,,,,,,,,,,,,,,,,,,,,,,,,,,,,,,,,
8.0,6.0,4.0,2.0,0.0,0.667,2015.0,,,,,,,,,,,,,,,,,,,,,,,,,,,,,,,,,,,,
9.0,13.0,13.0,0.0,0.0,1.0,2015.0,,,,,,,,,,,,,,,,,,,,,,,,,,,,,,,,,,,,
10.0,7.0,7.0,0.0,0.0,1.0,2015.0,,,,,,,,,,,,,,,,,,,,,,,,,,,,,,,,,,,,
11.0,2.0,2.0,0.0,0.0,1.0,2015.0,,,,,,,,,,,,,,,,,,,,,,,,,,,,,,,,,,,,
12.0,2.0,2.0,0.0,0.0,1.0,2015.0,,,,,,,,,,,,,,,,,,,,,,,,,,,,,,,,,,,,
13.0,1.0,1.0,0.0,0.0,1.0,2015.0,,,,,,,,,,,,,,,,,,,,,,,,,,,,,,,,,,,,
14.0,2.0,2.0,0.0,0.0,1.0,2015.0,,,,,,,,,,,,,,,,,,,,,,,,,,,,,,,,,,,,
15.0,1.0,1.0,0.0,0.0,1.0,2015.0,,,,,,,,,,,,,,,,,,,,,,,,,,,,,,,,,,,,
16.0,1.0,1.0,0.0,0.0,1.0,2015.0,,,,,,,,,,,,,,,,,,,,,,,,,,,,,,,,,,,,
18.0,1.0,1.0,0.0,0.0,1.0,2015.0,,,,,,,,,,,,,,,,,,,,,,,,,,,,,,,,,,,,
,10.0,10.0,0.0,0.0,1.0,2015.0,0.0,,,,,,,,,,,,,,,,,,,,,,,,,,,,,,,,,,,
,12.0,12.0,0.0,0.0,1.0,2015.0,1.0,,,,,,,,,,,,,,,,,,,,,,,,,,,,,,,,,,,
,12.0,10.0,2.0,0.0,0.833,2015.0,2.0,,,,,,,,,,,,,,,,,,,,,,,,,,,,,,,,,,,
,17.0,15.0,2.0,0.0,0.882,2015.0,3.0,,,,,,,,,,,,,,,,,,,,,,,,,,,,,,,,,,,
,19.0,13.0,6.0,0.0,0.684,2015.0,4.0,,,,,,,,,,,,,,,,,,,,,,,,,,,,,,,,,,,
,18.0,9.0,9.0,0.0,0.5,2015.0,5.0,,,,,,,,,,,,,,,,,,,,,,,,,,,,,,,,,,,
,10.0,4.0,6.0,0.0,0.4,2015.0,6.0,,,,,,,,,,,,,,,,,,,,,,,,,,,,,,,,,,,
,10.0,4.0,6.0,0.0,0.4,2015.0,7.0,,,,,,,,,,,,,,,,,,,,,,,,,,,,,,,,,,,
,8.0,0.0,8.0,0.0,0.0,2015.0,8.0,,,,,,,,,,,,,,,,,,,,,,,,,,,,,,,,,,,
,7.0,1.0,6.0,0.0,0.143,2015.0,9.0,,,,,,,,,,,,,,,,,,,,,,,,,,,,,,,,,,,
,8.0,1.0,7.0,0.0,0.125,2015.0,10.0,,,,,,,,,,,,,,,,,,,,,,,,,,,,,,,,,,,
,3.0,0.0,3.0,0.0,0.0,2015.0,11.0,,,,,,,,,,,,,,,,,,,,,,,,,,,,,,,,,,,
,3.0,0.0,3.0,0.0,0.0,2015.0,12.0,,,,,,,,,,,,,,,,,,,,,,,,,,,,,,,,,,,
,1.0,0.0,1.0,0.0,0.0,2015.0,13.0,,,,,,,,,,,,,,,,,,,,,,,,,,,,,,,,,,,
,1.0,0.0,1.0,0.0,0.0,2015.0,14.0,,,,,,,,,,,,,,,,,,,,,,,,,,,,,,,,,,,
,1.0,0.0,1.0,0.0,0.0,2015.0,15.0,,,,,,,,,,,,,,,,,,,,,,,,,,,,,,,,,,,
,1.0,0.0,1.0,0.0,0.0,2015.0,16.0,,,,,,,,,,,,,,,,,,,,,,,,,,,,,,,,,,,
,2.0,0.0,2.0,0.0,0.0,2015.0,17.0,,,,,,,,,,,,,,,,,,,,,,,,,,,,,,,,,,,
,1.0,0.0,1.0,0.0,0.0,2015.0,25.0,,,,,,,,,,,,,,,,,,,,,,,,,,,,,,,,,,,
,,,,,,2015.0,,1.0,99.0,45.0,20.0,15.0,7.0,2.0,1.0,7.0,0.6,,,,,,,,,,,,,,,,,,,,,,,,,
,,,,,,2015.0,,2.0,95.0,49.0,29.0,9.0,5.0,5.0,1.0,5.0,0.6,,,,,,,,,,,,,,,,,,,,,,,,,
,,,,,,2015.0,,3.0,102.0,42.0,18.0,14.0,5.0,4.0,1.0,5.0,0.57,,,,,,,,,,,,,,,,,,,,,,,,,
,,,,,,2015.0,,4.0,96.0,48.0,27.0,12.0,5.0,2.0,2.0,9.0,0.61,,,,,,,,,,,,,,,,,,,,,,,,,
,,,,,,2015.0,,5.0,95.0,49.0,23.0,13.0,5.0,6.0,2.0,8.0,0.71,,,,,,,,,,,,,,,,,,,,,,,,,
,,,,,,2015.0,,6.0,101.0,43.0,16.0,12.0,11.0,2.0,2.0,6.0,0.65,,,,,,,,,,,,,,,,,,,,,,,,,
,,,,,,2015.0,,7.0,92.0,52.0,22.0,15.0,6.0,6.0,3.0,8.0,0.81,,,,,,,,,,,,,,,,,,,,,,,,,
,,,,,,2015.0,,8.0,90.0,54.0,33.0,9.0,9.0,2.0,1.0,6.0,0.64,,,,,,,,,,,,,,,,,,,,,,,,,
,,,,,,2015.0,,9.0,79.0,30.0,16.0,10.0,3.0,0.0,1.0,6.0,0.47,,,,,,,,,,,,,,,,,,,,,,,,,
,,,,,,2015.0,,10.0,9.0,3.0,2.0,1.0,0.0,0.0,0.0,2.0,0.33,,,,,,,,,,,,,,,,,,,,,,,,,
,,,,,,2015.0,,11.0,4.0,3.0,2.0,1.0,0.0,0.0,0.0,2.0,0.57,,,,,,,,,,,,,,,,,,,,,,,,,
,,,,,,2015.0,,12.0,1.0,2.0,2.0,0.0,0.0,0.0,0.0,1.0,0.67,,,,,,,,,,,,,,,,,,,,,,,,,
,,,,,,2015.0,,1.0,93.0,51.0,21.0,19.0,7.0,1.0,3.0,6.0,0.69,,,,,,,,,,,,,,,,,,,,,,,,,
,,,,,,2015.0,,2.0,106.0,38.0,22.0,7.0,3.0,3.0,3.0,8.0,0.54,,,,,,,,,,,,,,,,,,,,,,,,,
,,,,,,2015.0,,3.0,98.0,46.0,18.0,12.0,8.0,5.0,3.0,9.0,0.74,,,,,,,,,,,,,,,,,,,,,,,,,
,,,,,,2015.0,,4.0,104.0,40.0,21.0,9.0,8.0,1.0,1.0,5.0,0.5,,,,,,,,,,,,,,,,,,,,,,,,,
,,,,,,2015.0,,5.0,102.0,42.0,16.0,14.0,8.0,3.0,1.0,5.0,0.59,,,,,,,,,,,,,,,,,,,,,,,,,
,,,,,,2015.0,,6.0,111.0,33.0,15.0,12.0,2.0,1.0,3.0,7.0,0.47,,,,,,,,,,,,,,,,,,,,,,,,,
,,,,,,2015.0,,7.0,97.0,47.0,24.0,13.0,5.0,2.0,3.0,8.0,0.65,,,,,,,,,,,,,,,,,,,,,,,,,
,,,,,,2015.0,,8.0,99.0,45.0,20.0,11.0,8.0,1.0,5.0,8.0,0.72,,,,,,,,,,,,,,,,,,,,,,,,,
,,,,,,2015.0,,9.0,84.0,31.0,14.0,10.0,2.0,2.0,3.0,6.0,0.56,,,,,,,,,,,,,,,,,,,,,,,,,
,,,,,,2015.0,,10.0,10.0,2.0,2.0,0.0,0.0,0.0,0.0,1.0,0.17,,,,,,,,,,,,,,,,,,,,,,,,,
,,,,,,2015.0,,11.0,6.0,1.0,0.0,1.0,0.0,0.0,0.0,2.0,0.29,,,,,,,,,,,,,,,,,,,,,,,,,
,,,,,,2015.0,,12.0,2.0,1.0,0.0,1.0,0.0,0.0,0.0,2.0,0.67,,,,,,,,,,,,,,,,,,,,,,,,,
,,,,,,2015.0,,,,,,,,,,,,1.0,,,79-65-0 (0.549),0.549,,,,,,,,,,,,,,,,,,,,
,,,,,,2015.0,,,,,,,,,,,,2.0,22-14-0 (0.611),0.611,34-29-0 (0.540),0.54,23-22-0 (0.511),0.511,,,,,,,,,,,,,,,,,,
,,,,,,2015.0,,,,,,,,,,,,3.0,37-18-0 (0.673),0.673,20-14-0 (0.588),0.588,22-33-0 (0.400),0.4,,,,,,,,,,,,,,,,,,
,,,,,,2015.0,,,,,,,,,,,,4.0,43-15-0 (0.741),0.741,15-9-0 (0.625),0.625,21-41-0 (0.339),0.339,,,,,,,,,,,,,,,,,,
,,,,,,2015.0,,,,,,,,,,,,5.0,47-15-0 (0.758),0.758,12-10-0 (0.545),0.545,20-40-0 (0.333),0.333,,,,,,,,,,,,,,,,,,
,,,,,,2015.0,,,,,,,,,,,,6.0,51-16-0 (0.761),0.761,12-11-0 (0.522),0.522,16-38-0 (0.296),0.296,,,,,,,,,,,,,,,,,,
,,,,,,2015.0,,,,,,,,,,,,7.0,54-14-0 (0.794),0.794,13-9-0 (0.591),0.591,12-42-0 (0.222),0.222,,,,,,,,,,,,,,,,,,
,,,,,,2015.0,,,,,,,,,,,,8.0,66-11-0 (0.857),0.857,4-6-0 (0.400),0.4,9-48-0 (0.158),0.158,,,,,,,,,,,,,,,,,,
,,,,,,2015.0,,,,,,,,,,,,9.0,68-3-0 (0.958),0.958,7-7-0 (0.500),0.5,4-55-0 (0.068),0.068,,,,,,,,,,,,,,,,,,
,,,,,,2015.0,,,,,,,,,,,,10.0,,,8-4-0 (0.667),0.667,,,,,,,,,,,,,,,,,,,,
,,,,,,2015.0,,,,,,,,,,,,11.0,,,5-2-0 (0.714),0.714,,,,,,,,,,,,,,,,,,,,
,,,,,,2015.0,,,,,,,,,,,,12.0,,,2-1-0 (0.667),0.667,,,,,,,,,,,,,,,,,,,,
,,,,,,,,,,,,,,,,,,,,,,,,,1회,144.0,36.0,63.0,45.0,,,,,144.0,36.0,63.0,45.0,,,,,2015.0
,,,,,,,,,,,,,,,,,,,,,,,,,2회,144.0,55.0,34.0,55.0,36.0,32.0,3.0,1.0,63.0,21.0,29.0,13.0,45.0,2.0,2.0,41.0,2015.0
,,,,,,,,,,,,,,,,,,,,,,,,,3회,144.0,58.0,24.0,62.0,55.0,46.0,4.0,5.0,34.0,9.0,16.0,9.0,55.0,3.0,4.0,48.0,2015.0
,,,,,,,,,,,,,,,,,,,,,,,,,4회,144.0,62.0,22.0,60.0,58.0,53.0,2.0,3.0,24.0,5.0,16.0,3.0,62.0,4.0,4.0,54.0,2015.0
,,,,,,,,,,,,,,,,,,,,,,,,,5회,144.0,67.0,23.0,54.0,62.0,52.0,7.0,3.0,22.0,10.0,10.0,2.0,60.0,5.0,6.0,49.0,2015.0
,,,,,,,,,,,,,,,,,,,,,,,,,6회,144.0,68.0,22.0,54.0,67.0,63.0,3.0,1.0,23.0,4.0,14.0,5.0,54.0,1.0,5.0,48.0,2015.0
,,,,,,,,,,,,,,,,,,,,,,,,,7회,144.0,77.0,10.0,57.0,68.0,64.0,3.0,1.0,22.0,10.0,6.0,6.0,54.0,3.0,1.0,50.0,2015.0
,,,,,,,,,,,,,,,,,,,,,,,,,8회,144.0,71.0,14.0,59.0,77.0,68.0,2.0,7.0,10.0,3.0,5.0,2.0,57.0,0.0,7.0,50.0,2015.0
,,,,,,,,,,,,,,,,,,,,,,,,,9회,80.0,36.0,12.0,32.0,36.0,31.0,3.0,2.0,14.0,2.0,7.0,5.0,30.0,3.0,2.0,25.0,2015.0
,,,,,,,,,,,,,,,,,,,,,,,,,10회,12.0,3.0,7.0,2.0,,,,,12.0,3.0,7.0,2.0,,,,,2015.0
,,,,,,,,,,,,,,,,,,,,,,,,,11회,7.0,3.0,3.0,1.0,,,,,7.0,3.0,3.0,1.0,,,,,2015.0
,,,,,,,,,,,,,,,,,,,,,,,,,12회,3.0,2.0,0.0,1.0,,,,,3.0,2.0,0.0,1.0,,,,,2015.0
0.0,2.0,0.0,2.0,0.0,0.0,2016.0,,,,,,,,,,,,,,,,,,,,,,,,,,,,,,,,,,,,
1.0,8.0,1.0,7.0,0.0,0.125,2016.0,,,,,,,,,,,,,,,,,,,,,,,,,,,,,,,,,,,,
2.0,6.0,1.0,5.0,0.0,0.167,2016.0,,,,,,,,,,,,,,,,,,,,,,,,,,,,,,,,,,,,
3.0,15.0,6.0,9.0,0.0,0.4,2016.0,,,,,,,,,,,,,,,,,,,,,,,,,,,,,,,,,,,,
4.0,20.0,10.0,10.0,0.0,0.5,2016.0,,,,,,,,,,,,,,,,,,,,,,,,,,,,,,,,,,,,
5.0,15.0,9.0,6.0,0.0,0.6,2016.0,,,,,,,,,,,,,,,,,,,,,,,,,,,,,,,,,,,,
6.0,15.0,13.0,2.0,0.0,0.867,2016.0,,,,,,,,,,,,,,,,,,,,,,,,,,,,,,,,,,,,
7.0,15.0,12.0,3.0,0.0,0.8,2016.0,,,,,,,,,,,,,,,,,,,,,,,,,,,,,,,,,,,,
8.0,14.0,10.0,4.0,0.0,0.714,2016.0,,,,,,,,,,,,,,,,,,,,,,,,,,,,,,,,,,,,
9.0,7.0,5.0,1.0,1.0,0.833,2016.0,,,,,,,,,,,,,,,,,,,,,,,,,,,,,,,,,,,,
10.0,2.0,2.0,0.0,0.0,1.0,2016.0,,,,,,,,,,,,,,,,,,,,,,,,,,,,,,,,,,,,
11.0,8.0,7.0,1.0,0.0,0.875,2016.0,,,,,,,,,,,,,,,,,,,,,,,,,,,,,,,,,,,,
12.0,6.0,6.0,0.0,0.0,1.0,2016.0,,,,,,,,,,,,,,,,,,,,,,,,,,,,,,,,,,,,
13.0,5.0,5.0,0.0,0.0,1.0,2016.0,,,,,,,,,,,,,,,,,,,,,,,,,,,,,,,,,,,,
14.0,1.0,1.0,0.0,0.0,1.0,2016.0,,,,,,,,,,,,,,,,,,,,,,,,,,,,,,,,,,,,
15.0,1.0,1.0,0.0,0.0,1.0,2016.0,,,,,,,,,,,,,,,,,,,,,,,,,,,,,,,,,,,,
17.0,2.0,2.0,0.0,0.0,1.0,2016.0,,,,,,,,,,,,,,,,,,,,,,,,,,,,,,,,,,,,
18.0,1.0,1.0,0.0,0.0,1.0,2016.0,,,,,,,,,,,,,,,,,,,,,,,,,,,,,,,,,,,,
19.0,1.0,1.0,0.0,0.0,1.0,2016.0,,,,,,,,,,,,,,,,,,,,,,,,,,,,,,,,,,,,
,7.0,7.0,0.0,0.0,1.0,2016.0,0.0,,,,,,,,,,,,,,,,,,,,,,,,,,,,,,,,,,,
,19.0,19.0,0.0,0.0,1.0,2016.0,1.0,,,,,,,,,,,,,,,,,,,,,,,,,,,,,,,,,,,
,15.0,15.0,0.0,0.0,1.0,2016.0,2.0,,,,,,,,,,,,,,,,,,,,,,,,,,,,,,,,,,,
,17.0,16.0,1.0,0.0,0.941,2016.0,3.0,,,,,,,,,,,,,,,,,,,,,,,,,,,,,,,,,,,
,19.0,15.0,4.0,0.0,0.789,2016.0,4.0,,,,,,,,,,,,,,,,,,,,,,,,,,,,,,,,,,,
,23.0,12.0,11.0,0.0,0.522,2016.0,5.0,,,,,,,,,,,,,,,,,,,,,,,,,,,,,,,,,,,
,11.0,5.0,6.0,0.0,0.455,2016.0,6.0,,,,,,,,,,,,,,,,,,,,,,,,,,,,,,,,,,,
,5.0,3.0,2.0,0.0,0.6,2016.0,7.0,,,,,,,,,,,,,,,,,,,,,,,,,,,,,,,,,,,
,3.0,0.0,3.0,0.0,0.0,2016.0,8.0,,,,,,,,,,,,,,,,,,,,,,,,,,,,,,,,,,,
,10.0,0.0,9.0,1.0,0.0,2016.0,9.0,,,,,,,,,,,,,,,,,,,,,,,,,,,,,,,,,,,
,7.0,1.0,6.0,0.0,0.143,2016.0,10.0,,,,,,,,,,,,,,,,,,,,,,,,,,,,,,,,,,,
,1.0,0.0,1.0,0.0,0.0,2016.0,11.0,,,,,,,,,,,,,,,,,,,,,,,,,,,,,,,,,,,
,3.0,0.0,3.0,0.0,0.0,2016.0,12.0,,,,,,,,,,,,,,,,,,,,,,,,,,,,,,,,,,,
,2.0,0.0,2.0,0.0,0.0,2016.0,13.0,,,,,,,,,,,,,,,,,,,,,,,,,,,,,,,,,,,
,1.0,0.0,1.0,0.0,0.0,2016.0,16.0,,,,,,,,,,,,,,,,,,,,,,,,,,,,,,,,,,,
,1.0,0.0,1.0,0.0,0.0,2016.0,17.0,,,,,,,,,,,,,,,,,,,,,,,,,,,,,,,,,,,
,,,,,,2016.0,,1.0,98.0,46.0,19.0,10.0,9.0,1.0,7.0,8.0,0.76,,,,,,,,,,,,,,,,,,,,,,,,,
,,,,,,2016.0,,2.0,90.0,54.0,22.0,15.0,8.0,4.0,5.0,6.0,0.83,,,,,,,,,,,,,,,,,,,,,,,,,
,,,,,,2016.0,,3.0,95.0,49.0,21.0,16.0,3.0,3.0,6.0,8.0,0.76,,,,,,,,,,,,,,,,,,,,,,,,,
,,,,,,2016.0,,4.0,89.0,55.0,28.0,12.0,9.0,2.0,4.0,7.0,0.76,,,,,,,,,,,,,,,,,,,,,,,,,
,,,,,,2016.0,,5.0,98.0,46.0,16.0,20.0,5.0,2.0,3.0,8.0,0.68,,,,,,,,,,,,,,,,,,,,,,,,,
,,,,,,2016.0,,6.0,90.0,54.0,27.0,11.0,10.0,5.0,1.0,5.0,0.72,,,,,,,,,,,,,,,,,,,,,,,,,
,,,,,,2016.0,,7.0,95.0,49.0,15.0,19.0,8.0,2.0,5.0,8.0,0.8,,,,,,,,,,,,,,,,,,,,,,,,,
,,,,,,2016.0,,8.0,91.0,53.0,29.0,10.0,7.0,6.0,1.0,5.0,0.69,,,,,,,,,,,,,,,,,,,,,,,,,
,,,,,,2016.0,,9.0,63.0,40.0,26.0,6.0,6.0,1.0,1.0,5.0,0.63,,,,,,,,,,,,,,,,,,,,,,,,,
,,,,,,2016.0,,10.0,6.0,3.0,2.0,1.0,0.0,0.0,0.0,2.0,0.44,,,,,,,,,,,,,,,,,,,,,,,,,
,,,,,,2016.0,,11.0,3.0,1.0,1.0,0.0,0.0,0.0,0.0,1.0,0.25,,,,,,,,,,,,,,,,,,,,,,,,,
,,,,,,2016.0,,12.0,2.0,0.0,0.0,0.0,0.0,0.0,0.0,0.0,0.0,,,,,,,,,,,,,,,,,,,,,,,,,
,,,,,,2016.0,,1.0,99.0,45.0,28.0,12.0,3.0,2.0,0.0,4.0,0.48,,,,,,,,,,,,,,,,,,,,,,,,,
,,,,,,2016.0,,2.0,107.0,37.0,21.0,13.0,1.0,2.0,0.0,4.0,0.4,,,,,,,,,,,,,,,,,,,,,,,,,
,,,,,,2016.0,,3.0,104.0,40.0,12.0,15.0,6.0,6.0,1.0,5.0,0.62,,,,,,,,,,,,,,,,,,,,,,,,,
,,,,,,2016.0,,4.0,100.0,44.0,21.0,13.0,4.0,1.0,5.0,7.0,0.65,,,,,,,,,,,,,,,,,,,,,,,,,
,,,,,,2016.0,,5.0,103.0,41.0,23.0,9.0,8.0,0.0,1.0,5.0,0.49,,,,,,,,,,,,,,,,,,,,,,,,,
,,,,,,2016.0,,6.0,100.0,44.0,29.0,7.0,7.0,1.0,0.0,4.0,0.47,,,,,,,,,,,,,,,,,,,,,,,,,
,,,,,,2016.0,,7.0,107.0,37.0,23.0,3.0,4.0,3.0,4.0,6.0,0.52,,,,,,,,,,,,,,,,,,,,,,,,,
,,,,,,2016.0,,8.0,98.0,46.0,27.0,10.0,4.0,3.0,2.0,7.0,0.58,,,,,,,,,,,,,,,,,,,,,,,,,
,,,,,,2016.0,,9.0,85.0,38.0,17.0,14.0,4.0,3.0,0.0,4.0,0.56,,,,,,,,,,,,,,,,,,,,,,,,,
,,,,,,2016.0,,10.0,4.0,5.0,4.0,1.0,0.0,0.0,0.0,2.0,0.67,,,,,,,,,,,,,,,,,,,,,,,,,
,,,,,,2016.0,,11.0,3.0,1.0,1.0,0.0,0.0,0.0,0.0,1.0,0.25,,,,,,,,,,,,,,,,,,,,,,,,,
,,,,,,2016.0,,12.0,1.0,1.0,1.0,0.0,0.0,0.0,0.0,1.0,0.5,,,,,,,,,,,,,,,,,,,,,,,,,
,,,,,,2016.0,,,,,,,,,,,,1.0,,,93-50-1 (0.650),0.65,,,,,,,,,,,,,,,,,,,,
,,,,,,2016.0,,,,,,,,,,,,2.0,34-6-0 (0.850),0.85,42-27-0 (0.609),0.609,17-17-1 (0.500),0.5,,,,,,,,,,,,,,,,,,
,,,,,,2016.0,,,,,,,,,,,,3.0,48-12-0 (0.800),0.8,21-19-0 (0.525),0.525,24-19-1 (0.558),0.558,,,,,,,,,,,,,,,,,,
,,,,,,2016.0,,,,,,,,,,,,4.0,57-13-0 (0.814),0.814,15-11-0 (0.577),0.577,21-26-1 (0.447),0.447,,,,,,,,,,,,,,,,,,
,,,,,,2016.0,,,,,,,,,,,,5.0,65-11-0 (0.855),0.855,11-7-0 (0.611),0.611,17-32-1 (0.347),0.347,,,,,,,,,,,,,,,,,,
,,,,,,2016.0,,,,,,,,,,,,6.0,72-9-0 (0.889),0.889,7-4-0 (0.636),0.636,14-37-1 (0.275),0.275,,,,,,,,,,,,,,,,,,
,,,,,,2016.0,,,,,,,,,,,,7.0,78-8-0 (0.907),0.907,10-4-0 (0.714),0.714,5-38-1 (0.116),0.116,,,,,,,,,,,,,,,,,,
,,,,,,2016.0,,,,,,,,,,,,8.0,84-5-0 (0.944),0.944,5-6-0 (0.455),0.455,4-39-1 (0.093),0.093,,,,,,,,,,,,,,,,,,
,,,,,,2016.0,,,,,,,,,,,,9.0,86-6-0 (0.935),0.935,4-4-1 (0.500),0.5,3-40-0 (0.070),0.07,,,,,,,,,,,,,,,,,,
,,,,,,2016.0,,,,,,,,,,,,10.0,,,3-5-1 (0.375),0.375,,,,,,,,,,,,,,,,,,,,
,,,,,,2016.0,,,,,,,,,,,,11.0,,,1-2-1 (0.333),0.333,,,,,,,,,,,,,,,,,,,,
,,,,,,2016.0,,,,,,,,,,,,12.0,,,0-1-1 (0.000),0.0,,,,,,,,,,,,,,,,,,,,
,,,,,,,,,,,,,,,,,,,,,,,,,1회,144.0,40.0,69.0,35.0,,,,,144.0,40.0,69.0,35.0,,,,,2016.0
,,,,,,,,,,,,,,,,,,,,,,,,,2회,144.0,60.0,40.0,44.0,40.0,35.0,3.0,2.0,69.0,19.0,35.0,15.0,35.0,6.0,2.0,27.0,2016.0
,,,,,,,,,,,,,,,,,,,,,,,,,3회,144.0,70.0,26.0,48.0,60.0,54.0,2.0,4.0,40.0,11.0,22.0,7.0,44.0,5.0,2.0,37.0,2016.0
,,,,,,,,,,,,,,,,,,,,,,,,,4회,144.0,76.0,18.0,50.0,70.0,62.0,3.0,5.0,26.0,6.0,11.0,9.0,48.0,8.0,4.0,36.0,2016.0
,,,,,,,,,,,,,,,,,,,,,,,,,5회,144.0,81.0,11.0,52.0,76.0,71.0,2.0,3.0,18.0,7.0,6.0,5.0,50.0,3.0,3.0,44.0,2016.0
,,,,,,,,,,,,,,,,,,,,,,,,,6회,144.0,86.0,14.0,44.0,81.0,75.0,4.0,2.0,11.0,5.0,3.0,3.0,52.0,6.0,7.0,39.0,2016.0
,,,,,,,,,,,,,,,,,,,,,,,,,7회,144.0,89.0,11.0,44.0,86.0,81.0,3.0,2.0,14.0,6.0,6.0,2.0,44.0,2.0,2.0,40.0,2016.0
,,,,,,,,,,,,,,,,,,,,,,,,,8회,144.0,92.0,9.0,43.0,89.0,86.0,2.0,1.0,11.0,4.0,5.0,2.0,44.0,2.0,2.0,40.0,2016.0
,,,,,,,,,,,,,,,,,,,,,,,,,9회,82.0,49.0,9.0,24.0,51.0,43.0,5.0,3.0,9.0,3.0,4.0,2.0,22.0,3.0,0.0,19.0,2016.0
,,,,,,,,,,,,,,,,,,,,,,,,,10회,9.0,2.0,4.0,3.0,,,,,9.0,2.0,4.0,3.0,,,,,2016.0
,,,,,,,,,,,,,,,,,,,,,,,,,11회,4.0,1.0,2.0,1.0,,,,,4.0,1.0,2.0,1.0,,,,,2016.0
,,,,,,,,,,,,,,,,,,,,,,,,,12회,2.0,0.0,1.0,1.0,,,,,2.0,0.0,1.0,1.0,,,,,2016.0
0.0,4.0,0.0,4.0,0.0,0.0,2017.0,,,,,,,,,,,,,,,,,,,,,,,,,,,,,,,,,,,,
1.0,11.0,0.0,10.0,1.0,0.0,2017.0,,,,,,,,,,,,,,,,,,,,,,,,,,,,,,,,,,,,
2.0,15.0,7.0,8.0,0.0,0.467,2017.0,,,,,,,,,,,,,,,,,,,,,,,,,,,,,,,,,,,,
3.0,16.0,5.0,9.0,2.0,0.357,2017.0,,,,,,,,,,,,,,,,,,,,,,,,,,,,,,,,,,,,
4.0,17.0,8.0,9.0,0.0,0.471,2017.0,,,,,,,,,,,,,,,,,,,,,,,,,,,,,,,,,,,,
5.0,13.0,7.0,6.0,0.0,0.538,2017.0,,,,,,,,,,,,,,,,,,,,,,,,,,,,,,,,,,,,
6.0,17.0,12.0,5.0,0.0,0.706,2017.0,,,,,,,,,,,,,,,,,,,,,,,,,,,,,,,,,,,,
7.0,9.0,9.0,0.0,0.0,1.0,2017.0,,,,,,,,,,,,,,,,,,,,,,,,,,,,,,,,,,,,
8.0,10.0,7.0,3.0,0.0,0.7,2017.0,,,,,,,,,,,,,,,,,,,,,,,,,,,,,,,,,,,,
9.0,8.0,7.0,1.0,0.0,0.875,2017.0,,,,,,,,,,,,,,,,,,,,,,,,,,,,,,,,,,,,
10.0,8.0,6.0,2.0,0.0,0.75,2017.0,,,,,,,,,,,,,,,,,,,,,,,,,,,,,,,,,,,,
11.0,2.0,2.0,0.0,0.0,1.0,2017.0,,,,,,,,,,,,,,,,,,,,,,,,,,,,,,,,,,,,
12.0,1.0,1.0,0.0,0.0,1.0,2017.0,,,,,,,,,,,,,,,,,,,,,,,,,,,,,,,,,,,,
13.0,3.0,3.0,0.0,0.0,1.0,2017.0,,,,,,,,,,,,,,,,,,,,,,,,,,,,,,,,,,,,
14.0,4.0,4.0,0.0,0.0,1.0,2017.0,,,,,,,,,,,,,,,,,,,,,,,,,,,,,,,,,,,,
15.0,2.0,2.0,0.0,0.0,1.0,2017.0,,,,,,,,,,,,,,,,,,,,,,,,,,,,,,,,,,,,
16.0,1.0,1.0,0.0,0.0,1.0,2017.0,,,,,,,,,,,,,,,,,,,,,,,,,,,,,,,,,,,,
17.0,2.0,2.0,0.0,0.0,1.0,2017.0,,,,,,,,,,,,,,,,,,,,,,,,,,,,,,,,,,,,
21.0,1.0,1.0,0.0,0.0,1.0,2017.0,,,,,,,,,,,,,,,,,,,,,,,,,,,,,,,,,,,,
,9.0,9.0,0.0,0.0,1.0,2017.0,0.0,,,,,,,,,,,,,,,,,,,,,,,,,,,,,,,,,,,
,18.0,17.0,0.0,1.0,1.0,2017.0,1.0,,,,,,,,,,,,,,,,,,,,,,,,,,,,,,,,,,,
,11.0,7.0,4.0,0.0,0.636,2017.0,2.0,,,,,,,,,,,,,,,,,,,,,,,,,,,,,,,,,,,
,21.0,13.0,6.0,2.0,0.684,2017.0,3.0,,,,,,,,,,,,,,,,,,,,,,,,,,,,,,,,,,,
,25.0,20.0,5.0,0.0,0.8,2017.0,4.0,,,,,,,,,,,,,,,,,,,,,,,,,,,,,,,,,,,
,15.0,6.0,9.0,0.0,0.4,2017.0,5.0,,,,,,,,,,,,,,,,,,,,,,,,,,,,,,,,,,,
,10.0,5.0,5.0,0.0,0.5,2017.0,6.0,,,,,,,,,,,,,,,,,,,,,,,,,,,,,,,,,,,
,9.0,3.0,6.0,0.0,0.333,2017.0,7.0,,,,,,,,,,,,,,,,,,,,,,,,,,,,,,,,,,,
,7.0,1.0,6.0,0.0,0.143,2017.0,8.0,,,,,,,,,,,,,,,,,,,,,,,,,,,,,,,,,,,
,5.0,1.0,4.0,0.0,0.2,2017.0,9.0,,,,,,,,,,,,,,,,,,,,,,,,,,,,,,,,,,,
,1.0,0.0,1.0,0.0,0.0,2017.0,10.0,,,,,,,,,,,,,,,,,,,,,,,,,,,,,,,,,,,
,3.0,1.0,2.0,0.0,0.333,2017.0,11.0,,,,,,,,,,,,,,,,,,,,,,,,,,,,,,,,,,,
,4.0,0.0,4.0,0.0,0.0,2017.0,12.0,,,,,,,,,,,,,,,,,,,,,,,,,,,,,,,,,,,
,5.0,1.0,4.0,0.0,0.2,2017.0,13.0,,,,,,,,,,,,,,,,,,,,,,,,,,,,,,,,,,,
,1.0,0.0,1.0,0.0,0.0,2017.0,20.0,,,,,,,,,,,,,,,,,,,,,,,,,,,,,,,,,,,
,,,,,,2017.0,,1.0,101.0,43.0,16.0,13.0,6.0,6.0,2.0,6.0,0.66,,,,,,,,,,,,,,,,,,,,,,,,,
,,,,,,2017.0,,2.0,93.0,51.0,24.0,10.0,9.0,3.0,5.0,10.0,0.83,,,,,,,,,,,,,,,,,,,,,,,,,
,,,,,,2017.0,,3.0,91.0,53.0,23.0,9.0,10.0,7.0,4.0,7.0,0.87,,,,,,,,,,,,,,,,,,,,,,,,,
,,,,,,2017.0,,4.0,90.0,54.0,29.0,10.0,9.0,5.0,1.0,8.0,0.72,,,,,,,,,,,,,,,,,,,,,,,,,
,,,,,,2017.0,,5.0,104.0,40.0,14.0,14.0,7.0,4.0,1.0,5.0,0.58,,,,,,,,,,,,,,,,,,,,,,,,,
,,,,,,2017.0,,6.0,102.0,42.0,29.0,6.0,4.0,1.0,2.0,10.0,0.5,,,,,,,,,,,,,,,,,,,,,,,,,
,,,,,,2017.0,,7.0,97.0,46.0,26.0,11.0,5.0,2.0,2.0,7.0,0.58,,,,,,,,,,,,,,,,,,,,,,,,,
,,,,,,2017.0,,8.0,93.0,50.0,27.0,11.0,9.0,0.0,3.0,6.0,0.64,,,,,,,,,,,,,,,,,,,,,,,,,
,,,,,,2017.0,,9.0,74.0,36.0,18.0,10.0,4.0,1.0,3.0,5.0,0.63,,,,,,,,,,,,,,,,,,,,,,,,,
,,,,,,2017.0,,10.0,10.0,2.0,2.0,0.0,0.0,0.0,0.0,1.0,0.17,,,,,,,,,,,,,,,,,,,,,,,,,
,,,,,,2017.0,,11.0,2.0,3.0,3.0,0.0,0.0,0.0,0.0,1.0,0.6,,,,,,,,,,,,,,,,,,,,,,,,,
,,,,,,2017.0,,12.0,3.0,1.0,1.0,0.0,0.0,0.0,0.0,1.0,0.25,,,,,,,,,,,,,,,,,,,,,,,,,
,,,,,,2017.0,,1.0,93.0,51.0,28.0,12.0,9.0,2.0,0.0,4.0,0.6,,,,,,,,,,,,,,,,,,,,,,,,,
,,,,,,2017.0,,2.0,99.0,45.0,23.0,12.0,7.0,1.0,2.0,10.0,0.62,,,,,,,,,,,,,,,,,,,,,,,,,
,,,,,,2017.0,,3.0,101.0,43.0,20.0,17.0,3.0,3.0,0.0,4.0,0.52,,,,,,,,,,,,,,,,,,,,,,,,,
,,,,,,2017.0,,4.0,111.0,33.0,13.0,10.0,5.0,2.0,3.0,6.0,0.5,,,,,,,,,,,,,,,,,,,,,,,,,
,,,,,,2017.0,,5.0,100.0,44.0,17.0,19.0,4.0,1.0,3.0,5.0,0.6,,,,,,,,,,,,,,,,,,,,,,,,,
,,,,,,2017.0,,6.0,102.0,41.0,25.0,9.0,5.0,0.0,2.0,5.0,0.48,,,,,,,,,,,,,,,,,,,,,,,,,
,,,,,,2017.0,,7.0,107.0,36.0,14.0,11.0,8.0,0.0,3.0,5.0,0.52,,,,,,,,,,,,,,,,,,,,,,,,,
,,,,,,2017.0,,8.0,105.0,38.0,23.0,8.0,2.0,2.0,3.0,7.0,0.5,,,,,,,,,,,,,,,,,,,,,,,,,
,,,,,,2017.0,,9.0,97.0,22.0,12.0,4.0,4.0,1.0,1.0,5.0,0.34,,,,,,,,,,,,,,,,,,,,,,,,,
,,,,,,2017.0,,10.0,7.0,5.0,2.0,2.0,0.0,1.0,0.0,4.0,0.83,,,,,,,,,,,,,,,,,,,,,,,,,
,,,,,,2017.0,,11.0,2.0,3.0,2.0,1.0,0.0,0.0,0.0,2.0,0.8,,,,,,,,,,,,,,,,,,,,,,,,,
,,,,,,2017.0,,12.0,4.0,0.0,0.0,0.0,0.0,0.0,0.0,0.0,0.0,,,,,,,,,,,,,,,,,,,,,,,,,
,,,,,,2017.0,,,,,,,,,,,,1.0,,,84-57-3 (0.596),0.596,,,,,,,,,,,,,,,,,,,,
,,,,,,2017.0,,,,,,,,,,,,2.0,25-7-0 (0.781),0.781,43-31-2 (0.581),0.581,16-19-1 (0.457),0.457,,,,,,,,,,,,,,,,,,
,,,,,,2017.0,,,,,,,,,,,,3.0,41-11-0 (0.788),0.788,29-17-2 (0.630),0.63,14-29-1 (0.326),0.326,,,,,,,,,,,,,,,,,,
,,,,,,2017.0,,,,,,,,,,,,4.0,51-9-1 (0.850),0.85,17-14-1 (0.548),0.548,16-34-1 (0.320),0.32,,,,,,,,,,,,,,,,,,
,,,,,,2017.0,,,,,,,,,,,,5.0,57-10-1 (0.851),0.851,15-10-2 (0.600),0.6,12-37-0 (0.245),0.245,,,,,,,,,,,,,,,,,,
,,,,,,2017.0,,,,,,,,,,,,6.0,59-9-1 (0.868),0.868,9-8-0 (0.529),0.529,16-40-2 (0.286),0.286,,,,,,,,,,,,,,,,,,
,,,,,,2017.0,,,,,,,,,,,,7.0,62-4-0 (0.939),0.939,8-6-1 (0.571),0.571,14-46-2 (0.233),0.233,,,,,,,,,,,,,,,,,,
,,,,,,2017.0,,,,,,,,,,,,8.0,66-2-0 (0.971),0.971,9-7-1 (0.563),0.563,9-47-2 (0.161),0.161,,,,,,,,,,,,,,,,,,
,,,,,,2017.0,,,,,,,,,,,,9.0,74-1-0 (0.987),0.987,5-4-2 (0.556),0.556,5-51-1 (0.089),0.089,,,,,,,,,,,,,,,,,,
,,,,,,2017.0,,,,,,,,,,,,10.0,,,3-6-3 (0.333),0.333,,,,,,,,,,,,,,,,,,,,
,,,,,,2017.0,,,,,,,,,,,,11.0,,,1-1-3 (0.500),0.5,,,,,,,,,,,,,,,,,,,,
,,,,,,2017.0,,,,,,,,,,,,12.0,,,1-0-3 (1.000),1.0,,,,,,,,,,,,,,,,,,,,
,,,,,,,,,,,,,,,,,,,,,,,,,1회,144.0,32.0,76.0,36.0,,,,,144.0,32.0,76.0,36.0,,,,,2017.0
,,,,,,,,,,,,,,,,,,,,,,,,,2회,144.0,52.0,48.0,44.0,32.0,27.0,4.0,1.0,76.0,20.0,40.0,16.0,36.0,5.0,4.0,27.0,2017.0
,,,,,,,,,,,,,,,,,,,,,,,,,3회,144.0,61.0,32.0,51.0,52.0,43.0,6.0,3.0,48.0,14.0,25.0,9.0,44.0,4.0,1.0,39.0,2017.0
,,,,,,,,,,,,,,,,,,,,,,,,,4회,144.0,68.0,27.0,49.0,61.0,55.0,4.0,2.0,32.0,8.0,16.0,8.0,51.0,5.0,7.0,39.0,2017.0
,,,,,,,,,,,,,,,,,,,,,,,,,5회,144.0,69.0,17.0,58.0,68.0,63.0,1.0,4.0,27.0,6.0,16.0,5.0,49.0,0.0,0.0,49.0,2017.0
,,,,,,,,,,,,,,,,,,,,,,,,,6회,143.0,66.0,15.0,62.0,69.0,63.0,3.0,3.0,17.0,3.0,9.0,5.0,57.0,0.0,3.0,54.0,2017.0
,,,,,,,,,,,,,,,,,,,,,,,,,7회,143.0,68.0,17.0,58.0,66.0,62.0,1.0,3.0,15.0,1.0,11.0,3.0,62.0,5.0,5.0,52.0,2017.0
,,,,,,,,,,,,,,,,,,,,,,,,,8회,143.0,75.0,11.0,57.0,68.0,64.0,3.0,1.0,17.0,6.0,6.0,5.0,58.0,5.0,2.0,51.0,2017.0
,,,,,,,,,,,,,,,,,,,,,,,,,9회,86.0,48.0,12.0,26.0,42.0,40.0,2.0,0.0,11.0,3.0,7.0,1.0,33.0,5.0,3.0,25.0,2017.0
,,,,,,,,,,,,,,,,,,,,,,,,,10회,12.0,2.0,5.0,5.0,,,,,12.0,2.0,5.0,5.0,,,,,2017.0
,,,,,,,,,,,,,,,,,,,,,,,,,11회,5.0,0.0,4.0,1.0,,,,,5.0,0.0,4.0,1.0,,,,,2017.0
,,,,,,,,,,,,,,,,,,,,,,,,,12회,4.0,1.0,3.0,0.0,,,,,4.0,1.0,3.0,0.0,,,,,2017.0
0.0,1.0,0.0,1.0,0.0,0.0,2018.0,,,,,,,,,,,,,,,,,,,,,,,,,,,,,,,,,,,,
1.0,8.0,0.0,8.0,0.0,0.0,2018.0,,,,,,,,,,,,,,,,,,,,,,,,,,,,,,,,,,,,
2.0,6.0,0.0,6.0,0.0,0.0,2018.0,,,,,,,,,,,,,,,,,,,,,,,,,,,,,,,,,,,,
3.0,13.0,7.0,6.0,0.0,0.538,2018.0,,,,,,,,,,,,,,,,,,,,,,,,,,,,,,,,,,,,
4.0,11.0,3.0,8.0,0.0,0.273,2018.0,,,,,,,,,,,,,,,,,,,,,,,,,,,,,,,,,,,,
5.0,20.0,12.0,8.0,0.0,0.6,2018.0,,,,,,,,,,,,,,,,,,,,,,,,,,,,,,,,,,,,
6.0,26.0,20.0,6.0,0.0,0.769,2018.0,,,,,,,,,,,,,,,,,,,,,,,,,,,,,,,,,,,,
7.0,16.0,12.0,4.0,0.0,0.75,2018.0,,,,,,,,,,,,,,,,,,,,,,,,,,,,,,,,,,,,
8.0,7.0,6.0,1.0,0.0,0.857,2018.0,,,,,,,,,,,,,,,,,,,,,,,,,,,,,,,,,,,,
9.0,8.0,8.0,0.0,0.0,1.0,2018.0,,,,,,,,,,,,,,,,,,,,,,,,,,,,,,,,,,,,
10.0,5.0,5.0,0.0,0.0,1.0,2018.0,,,,,,,,,,,,,,,,,,,,,,,,,,,,,,,,,,,,
11.0,6.0,4.0,2.0,0.0,0.667,2018.0,,,,,,,,,,,,,,,,,,,,,,,,,,,,,,,,,,,,
12.0,3.0,3.0,0.0,0.0,1.0,2018.0,,,,,,,,,,,,,,,,,,,,,,,,,,,,,,,,,,,,
13.0,9.0,9.0,0.0,0.0,1.0,2018.0,,,,,,,,,,,,,,,,,,,,,,,,,,,,,,,,,,,,
14.0,3.0,2.0,1.0,0.0,0.667,2018.0,,,,,,,,,,,,,,,,,,,,,,,,,,,,,,,,,,,,
17.0,2.0,2.0,0.0,0.0,1.0,2018.0,,,,,,,,,,,,,,,,,,,,,,,,,,,,,,,,,,,,
,9.0,9.0,0.0,0.0,1.0,2018.0,0.0,,,,,,,,,,,,,,,,,,,,,,,,,,,,,,,,,,,
,14.0,14.0,0.0,0.0,1.0,2018.0,1.0,,,,,,,,,,,,,,,,,,,,,,,,,,,,,,,,,,,
,19.0,18.0,1.0,0.0,0.947,2018.0,2.0,,,,,,,,,,,,,,,,,,,,,,,,,,,,,,,,,,,
,20.0,17.0,3.0,0.0,0.85,2018.0,3.0,,,,,,,,,,,,,,,,,,,,,,,,,,,,,,,,,,,
,17.0,15.0,2.0,0.0,0.882,2018.0,4.0,,,,,,,,,,,,,,,,,,,,,,,,,,,,,,,,,,,
,11.0,4.0,7.0,0.0,0.364,2018.0,5.0,,,,,,,,,,,,,,,,,,,,,,,,,,,,,,,,,,,
,9.0,4.0,5.0,0.0,0.444,2018.0,6.0,,,,,,,,,,,,,,,,,,,,,,,,,,,,,,,,,,,
,6.0,2.0,4.0,0.0,0.333,2018.0,7.0,,,,,,,,,,,,,,,,,,,,,,,,,,,,,,,,,,,
,9.0,5.0,4.0,0.0,0.556,2018.0,8.0,,,,,,,,,,,,,,,,,,,,,,,,,,,,,,,,,,,
,5.0,2.0,3.0,0.0,0.4,2018.0,9.0,,,,,,,,,,,,,,,,,,,,,,,,,,,,,,,,,,,
,7.0,3.0,4.0,0.0,0.429,2018.0,10.0,,,,,,,,,,,,,,,,,,,,,,,,,,,,,,,,,,,
,4.0,0.0,4.0,0.0,0.0,2018.0,11.0,,,,,,,,,,,,,,,,,,,,,,,,,,,,,,,,,,,
,5.0,0.0,5.0,0.0,0.0,2018.0,12.0,,,,,,,,,,,,,,,,,,,,,,,,,,,,,,,,,,,
,3.0,0.0,3.0,0.0,0.0,2018.0,13.0,,,,,,,,,,,,,,,,,,,,,,,,,,,,,,,,,,,
,2.0,0.0,2.0,0.0,0.0,2018.0,14.0,,,,,,,,,,,,,,,,,,,,,,,,,,,,,,,,,,,
,1.0,0.0,1.0,0.0,0.0,2018.0,15.0,,,,,,,,,,,,,,,,,,,,,,,,,,,,,,,,,,,
,2.0,0.0,2.0,0.0,0.0,2018.0,16.0,,,,,,,,,,,,,,,,,,,,,,,,,,,,,,,,,,,
,1.0,0.0,1.0,0.0,0.0,2018.0,20.0,,,,,,,,,,,,,,,,,,,,,,,,,,,,,,,,,,,
,,,,,,2018.0,,1.0,93.0,51.0,33.0,10.0,5.0,2.0,1.0,7.0,0.58,,,,,,,,,,,,,,,,,,,,,,,,,
,,,,,,2018.0,,2.0,92.0,52.0,27.0,13.0,6.0,4.0,2.0,7.0,0.69,,,,,,,,,,,,,,,,,,,,,,,,,
,,,,,,2018.0,,3.0,98.0,46.0,23.0,15.0,3.0,3.0,2.0,7.0,0.6,,,,,,,,,,,,,,,,,,,,,,,,,
,,,,,,2018.0,,4.0,89.0,55.0,32.0,7.0,10.0,2.0,4.0,7.0,0.76,,,,,,,,,,,,,,,,,,,,,,,,,
,,,,,,2018.0,,5.0,93.0,51.0,26.0,15.0,4.0,3.0,3.0,6.0,0.67,,,,,,,,,,,,,,,,,,,,,,,,,
,,,,,,2018.0,,6.0,82.0,62.0,23.0,24.0,10.0,2.0,3.0,8.0,0.9,,,,,,,,,,,,,,,,,,,,,,,,,
,,,,,,2018.0,,7.0,86.0,58.0,29.0,15.0,6.0,2.0,6.0,8.0,0.84,,,,,,,,,,,,,,,,,,,,,,,,,
,,,,,,2018.0,,8.0,96.0,48.0,17.0,14.0,6.0,7.0,4.0,7.0,0.8,,,,,,,,,,,,,,,,,,,,,,,,,
,,,,,,2018.0,,9.0,53.0,48.0,23.0,10.0,12.0,2.0,1.0,5.0,0.91,,,,,,,,,,,,,,,,,,,,,,,,,
,,,,,,2018.0,,10.0,11.0,3.0,0.0,1.0,1.0,0.0,1.0,5.0,0.71,,,,,,,,,,,,,,,,,,,,,,,,,
,,,,,,2018.0,,11.0,4.0,1.0,1.0,0.0,0.0,0.0,0.0,1.0,0.2,,,,,,,,,,,,,,,,,,,,,,,,,
,,,,,,2018.0,,12.0,0.0,1.0,1.0,0.0,0.0,0.0,0.0,1.0,1.0,,,,,,,,,,,,,,,,,,,,,,,,,
,,,,,,2018.0,,1.0,96.0,48.0,20.0,13.0,5.0,5.0,5.0,6.0,0.75,,,,,,,,,,,,,,,,,,,,,,,,,
,,,,,,2018.0,,2.0,107.0,37.0,16.0,8.0,6.0,2.0,5.0,8.0,0.61,,,,,,,,,,,,,,,,,,,,,,,,,
,,,,,,2018.0,,3.0,103.0,41.0,19.0,13.0,3.0,1.0,5.0,7.0,0.61,,,,,,,,,,,,,,,,,,,,,,,,,
,,,,,,2018.0,,4.0,95.0,49.0,32.0,6.0,5.0,1.0,5.0,6.0,0.63,,,,,,,,,,,,,,,,,,,,,,,,,
,,,,,,2018.0,,5.0,109.0,35.0,19.0,6.0,5.0,3.0,2.0,6.0,0.48,,,,,,,,,,,,,,,,,,,,,,,,,
,,,,,,2018.0,,6.0,106.0,38.0,23.0,12.0,0.0,2.0,1.0,5.0,0.42,,,,,,,,,,,,,,,,,,,,,,,,,
,,,,,,2018.0,,7.0,101.0,43.0,20.0,11.0,7.0,4.0,1.0,6.0,0.59,,,,,,,,,,,,,,,,,,,,,,,,,
,,,,,,2018.0,,8.0,99.0,45.0,24.0,9.0,7.0,1.0,4.0,9.0,0.68,,,,,,,,,,,,,,,,,,,,,,,,,
,,,,,,2018.0,,9.0,91.0,29.0,15.0,9.0,2.0,2.0,1.0,5.0,0.43,,,,,,,,,,,,,,,,,,,,,,,,,
,,,,,,2018.0,,10.0,6.0,8.0,5.0,0.0,2.0,1.0,0.0,4.0,1.07,,,,,,,,,,,,,,,,,,,,,,,,,
,,,,,,2018.0,,11.0,2.0,3.0,3.0,0.0,0.0,0.0,0.0,1.0,0.6,,,,,,,,,,,,,,,,,,,,,,,,,
,,,,,,2018.0,,12.0,1.0,0.0,0.0,0.0,0.0,0.0,0.0,0.0,0.0,,,,,,,,,,,,,,,,,,,,,,,,,
,,,,,,2018.0,,,,,,,,,,,,1.0,,,93-51-0 (0.646),0.646,,,,,,,,,,,,,,,,,,,,
,,,,,,2018.0,,,,,,,,,,,,2.0,28-7-0 (0.800),0.8,47-23-0 (0.671),0.671,18-21-0 (0.462),0.462,,,,,,,,,,,,,,,,,,
,,,,,,2018.0,,,,,,,,,,,,3.0,45-11-0 (0.804),0.804,26-13-0 (0.667),0.667,22-27-0 (0.449),0.449,,,,,,,,,,,,,,,,,,
,,,,,,2018.0,,,,,,,,,,,,4.0,55-12-0 (0.821),0.821,17-7-0 (0.708),0.708,21-32-0 (0.396),0.396,,,,,,,,,,,,,,,,,,
,,,,,,2018.0,,,,,,,,,,,,5.0,63-11-0 (0.851),0.851,11-5-0 (0.688),0.688,19-35-0 (0.352),0.352,,,,,,,,,,,,,,,,,,
,,,,,,2018.0,,,,,,,,,,,,6.0,67-6-0 (0.918),0.918,11-7-0 (0.611),0.611,15-38-0 (0.283),0.283,,,,,,,,,,,,,,,,,,
,,,,,,2018.0,,,,,,,,,,,,7.0,74-7-0 (0.914),0.914,7-6-0 (0.538),0.538,12-38-0 (0.240),0.24,,,,,,,,,,,,,,,,,,
,,,,,,2018.0,,,,,,,,,,,,8.0,82-3-0 (0.965),0.965,8-6-0 (0.571),0.571,3-42-0 (0.067),0.067,,,,,,,,,,,,,,,,,,
,,,,,,2018.0,,,,,,,,,,,,9.0,85-1-0 (0.988),0.988,7-6-0 (0.538),0.538,1-44-0 (0.022),0.022,,,,,,,,,,,,,,,,,,
,,,,,,2018.0,,,,,,,,,,,,10.0,,,4-10-0 (0.286),0.286,,,,,,,,,,,,,,,,,,,,
,,,,,,2018.0,,,,,,,,,,,,11.0,,,2-3-0 (0.400),0.4,,,,,,,,,,,,,,,,,,,,
,,,,,,2018.0,,,,,,,,,,,,12.0,,,1-0-0 (1.000),1.0,,,,,,,,,,,,,,,,,,,,
,,,,,,,,,,,,,,,,,,,,,,,,,1회,144.0,35.0,70.0,39.0,,,,,144.0,35.0,70.0,39.0,,,,,2018.0
,,,,,,,,,,,,,,,,,,,,,,,,,2회,144.0,56.0,39.0,49.0,35.0,31.0,1.0,3.0,70.0,21.0,37.0,12.0,39.0,4.0,1.0,34.0,2018.0
,,,,,,,,,,,,,,,,,,,,,,,,,3회,144.0,67.0,24.0,53.0,56.0,52.0,2.0,2.0,39.0,10.0,20.0,9.0,49.0,5.0,2.0,42.0,2018.0
,,,,,,,,,,,,,,,,,,,,,,,,,4회,144.0,74.0,16.0,54.0,67.0,62.0,2.0,3.0,24.0,7.0,10.0,7.0,53.0,5.0,4.0,44.0,2018.0
,,,,,,,,,,,,,,,,,,,,,,,,,5회,144.0,73.0,18.0,53.0,74.0,68.0,3.0,3.0,16.0,4.0,9.0,3.0,54.0,1.0,6.0,47.0,2018.0
,,,,,,,,,,,,,,,,,,,,,,,,,6회,144.0,81.0,13.0,50.0,73.0,69.0,3.0,1.0,18.0,8.0,6.0,4.0,53.0,4.0,4.0,45.0,2018.0
,,,,,,,,,,,,,,,,,,,,,,,,,7회,144.0,85.0,14.0,45.0,81.0,76.0,4.0,1.0,13.0,2.0,7.0,4.0,50.0,7.0,3.0,40.0,2018.0
,,,,,,,,,,,,,,,,,,,,,,,,,8회,144.0,86.0,13.0,45.0,85.0,81.0,2.0,2.0,14.0,2.0,9.0,3.0,45.0,3.0,2.0,40.0,2018.0
,,,,,,,,,,,,,,,,,,,,,,,,,9회,77.0,46.0,14.0,17.0,43.0,41.0,2.0,0.0,13.0,4.0,9.0,0.0,21.0,1.0,3.0,17.0,2018.0
,,,,,,,,,,,,,,,,,,,,,,,,,10회,14.0,2.0,5.0,7.0,,,,,14.0,2.0,5.0,7.0,,,,,2018.0
,,,,,,,,,,,,,,,,,,,,,,,,,11회,5.0,1.0,1.0,3.0,,,,,5.0,1.0,1.0,3.0,,,,,2018.0
,,,,,,,,,,,,,,,,,,,,,,,,,12회,1.0,1.0,0.0,0.0,,,,,1.0,1.0,0.0,0.0,,,,,2018.0
0.0,6.0,0.0,6.0,0.0,0.0,2019.0,,,,,,,,,,,,,,,,,,,,,,,,,,,,,,,,,,,,
1.0,13.0,2.0,11.0,0.0,0.154,2019.0,,,,,,,,,,,,,,,,,,,,,,,,,,,,,,,,,,,,
2.0,11.0,1.0,10.0,0.0,0.091,2019.0,,,,,,,,,,,,,,,,,,,,,,,,,,,,,,,,,,,,
3.0,28.0,15.0,13.0,0.0,0.536,2019.0,,,,,,,,,,,,,,,,,,,,,,,,,,,,,,,,,,,,
4.0,16.0,9.0,7.0,0.0,0.563,2019.0,,,,,,,,,,,,,,,,,,,,,,,,,,,,,,,,,,,,
5.0,14.0,12.0,2.0,0.0,0.857,2019.0,,,,,,,,,,,,,,,,,,,,,,,,,,,,,,,,,,,,
6.0,7.0,4.0,3.0,0.0,0.571,2019.0,,,,,,,,,,,,,,,,,,,,,,,,,,,,,,,,,,,,
7.0,16.0,14.0,1.0,1.0,0.933,2019.0,,,,,,,,,,,,,,,,,,,,,,,,,,,,,,,,,,,,
8.0,8.0,7.0,1.0,0.0,0.875,2019.0,,,,,,,,,,,,,,,,,,,,,,,,,,,,,,,,,,,,
9.0,9.0,9.0,0.0,0.0,1.0,2019.0,,,,,,,,,,,,,,,,,,,,,,,,,,,,,,,,,,,,
10.0,3.0,3.0,0.0,0.0,1.0,2019.0,,,,,,,,,,,,,,,,,,,,,,,,,,,,,,,,,,,,
11.0,6.0,5.0,1.0,0.0,0.833,2019.0,,,,,,,,,,,,,,,,,,,,,,,,,,,,,,,,,,,,
12.0,4.0,4.0,0.0,0.0,1.0,2019.0,,,,,,,,,,,,,,,,,,,,,,,,,,,,,,,,,,,,
13.0,2.0,2.0,0.0,0.0,1.0,2019.0,,,,,,,,,,,,,,,,,,,,,,,,,,,,,,,,,,,,
14.0,1.0,1.0,0.0,0.0,1.0,2019.0,,,,,,,,,,,,,,,,,,,,,,,,,,,,,,,,,,,,
,10.0,10.0,0.0,0.0,1.0,2019.0,0.0,,,,,,,,,,,,,,,,,,,,,,,,,,,,,,,,,,,
,19.0,19.0,0.0,0.0,1.0,2019.0,1.0,,,,,,,,,,,,,,,,,,,,,,,,,,,,,,,,,,,
,30.0,25.0,5.0,0.0,0.833,2019.0,2.0,,,,,,,,,,,,,,,,,,,,,,,,,,,,,,,,,,,
,19.0,12.0,7.0,0.0,0.632,2019.0,3.0,,,,,,,,,,,,,,,,,,,,,,,,,,,,,,,,,,,
,26.0,14.0,12.0,0.0,0.538,2019.0,4.0,,,,,,,,,,,,,,,,,,,,,,,,,,,,,,,,,,,
,8.0,2.0,6.0,0.0,0.25,2019.0,5.0,,,,,,,,,,,,,,,,,,,,,,,,,,,,,,,,,,,
,8.0,3.0,5.0,0.0,0.375,2019.0,6.0,,,,,,,,,,,,,,,,,,,,,,,,,,,,,,,,,,,
,8.0,2.0,5.0,1.0,0.286,2019.0,7.0,,,,,,,,,,,,,,,,,,,,,,,,,,,,,,,,,,,
,4.0,1.0,3.0,0.0,0.25,2019.0,8.0,,,,,,,,,,,,,,,,,,,,,,,,,,,,,,,,,,,
,2.0,0.0,2.0,0.0,0.0,2019.0,9.0,,,,,,,,,,,,,,,,,,,,,,,,,,,,,,,,,,,
,2.0,0.0,2.0,0.0,0.0,2019.0,10.0,,,,,,,,,,,,,,,,,,,,,,,,,,,,,,,,,,,
,3.0,0.0,3.0,0.0,0.0,2019.0,11.0,,,,,,,,,,,,,,,,,,,,,,,,,,,,,,,,,,,
,3.0,0.0,3.0,0.0,0.0,2019.0,12.0,,,,,,,,,,,,,,,,,,,,,,,,,,,,,,,,,,,
,1.0,0.0,1.0,0.0,0.0,2019.0,13.0,,,,,,,,,,,,,,,,,,,,,,,,,,,,,,,,,,,
,1.0,0.0,1.0,0.0,0.0,2019.0,14.0,,,,,,,,,,,,,,,,,,,,,,,,,,,,,,,,,,,
,,,,,,2019.0,,1.0,99.0,45.0,21.0,10.0,8.0,4.0,2.0,6.0,0.64,,,,,,,,,,,,,,,,,,,,,,,,,
,,,,,,2019.0,,2.0,108.0,36.0,21.0,6.0,4.0,1.0,4.0,9.0,0.51,,,,,,,,,,,,,,,,,,,,,,,,,
,,,,,,2019.0,,3.0,103.0,41.0,19.0,6.0,8.0,4.0,4.0,10.0,0.69,,,,,,,,,,,,,,,,,,,,,,,,,
,,,,,,2019.0,,4.0,105.0,39.0,21.0,9.0,3.0,3.0,3.0,6.0,0.53,,,,,,,,,,,,,,,,,,,,,,,,,
,,,,,,2019.0,,5.0,106.0,38.0,21.0,6.0,6.0,2.0,3.0,8.0,0.55,,,,,,,,,,,,,,,,,,,,,,,,,
,,,,,,2019.0,,6.0,96.0,48.0,27.0,10.0,8.0,1.0,2.0,7.0,0.6,,,,,,,,,,,,,,,,,,,,,,,,,
,,,,,,2019.0,,7.0,101.0,43.0,22.0,8.0,5.0,5.0,3.0,6.0,0.63,,,,,,,,,,,,,,,,,,,,,,,,,
,,,,,,2019.0,,8.0,97.0,47.0,27.0,13.0,5.0,2.0,0.0,4.0,0.53,,,,,,,,,,,,,,,,,,,,,,,,,
,,,,,,2019.0,,9.0,74.0,29.0,16.0,7.0,4.0,0.0,2.0,7.0,0.52,,,,,,,,,,,,,,,,,,,,,,,,,
,,,,,,2019.0,,10.0,7.0,3.0,3.0,0.0,0.0,0.0,0.0,1.0,0.3,,,,,,,,,,,,,,,,,,,,,,,,,
,,,,,,2019.0,,11.0,2.0,2.0,1.0,0.0,0.0,0.0,1.0,5.0,1.5,,,,,,,,,,,,,,,,,,,,,,,,,
,,,,,,2019.0,,12.0,1.0,1.0,1.0,0.0,0.0,0.0,0.0,1.0,0.5,,,,,,,,,,,,,,,,,,,,,,,,,
,,,,,,2019.0,,1.0,108.0,36.0,22.0,6.0,5.0,3.0,0.0,4.0,0.42,,,,,,,,,,,,,,,,,,,,,,,,,
,,,,,,2019.0,,2.0,103.0,41.0,23.0,14.0,2.0,1.0,1.0,5.0,0.46,,,,,,,,,,,,,,,,,,,,,,,,,
,,,,,,2019.0,,3.0,111.0,33.0,22.0,8.0,1.0,1.0,1.0,5.0,0.35,,,,,,,,,,,,,,,,,,,,,,,,,
,,,,,,2019.0,,4.0,108.0,36.0,16.0,13.0,3.0,1.0,3.0,6.0,0.5,,,,,,,,,,,,,,,,,,,,,,,,,
,,,,,,2019.0,,5.0,107.0,37.0,24.0,10.0,2.0,0.0,1.0,5.0,0.38,,,,,,,,,,,,,,,,,,,,,,,,,
,,,,,,2019.0,,6.0,112.0,32.0,19.0,8.0,2.0,1.0,2.0,6.0,0.4,,,,,,,,,,,,,,,,,,,,,,,,,
,,,,,,2019.0,,7.0,117.0,27.0,16.0,5.0,1.0,4.0,1.0,5.0,0.35,,,,,,,,,,,,,,,,,,,,,,,,,
,,,,,,2019.0,,8.0,102.0,42.0,25.0,8.0,3.0,2.0,4.0,10.0,0.58,,,,,,,,,,,,,,,,,,,,,,,,,
,,,,,,2019.0,,9.0,86.0,32.0,19.0,9.0,3.0,0.0,1.0,5.0,0.43,,,,,,,,,,,,,,,,,,,,,,,,,
,,,,,,2019.0,,10.0,7.0,3.0,2.0,0.0,1.0,0.0,0.0,3.0,0.5,,,,,,,,,,,,,,,,,,,,,,,,,
,,,,,,2019.0,,11.0,4.0,0.0,0.0,0.0,0.0,0.0,0.0,0.0,0.0,,,,,,,,,,,,,,,,,,,,,,,,,
,,,,,,2019.0,,12.0,2.0,0.0,0.0,0.0,0.0,0.0,0.0,0.0,0.0,,,,,,,,,,,,,,,,,,,,,,,,,
,,,,,,2019.0,,,,,,,,,,,,1.0,,,88-55-1 (0.615),0.615,,,,,,,,,,,,,,,,,,,,
,,,,,,2019.0,,,,,,,,,,,,2.0,32-6-0 (0.842),0.842,48-28-1 (0.632),0.632,8-21-0 (0.276),0.276,,,,,,,,,,,,,,,,,,
,,,,,,2019.0,,,,,,,,,,,,3.0,39-7-0 (0.848),0.848,38-19-1 (0.667),0.667,11-29-0 (0.275),0.275,,,,,,,,,,,,,,,,,,
,,,,,,2019.0,,,,,,,,,,,,4.0,53-10-1 (0.841),0.841,22-10-0 (0.688),0.688,13-35-0 (0.271),0.271,,,,,,,,,,,,,,,,,,
,,,,,,2019.0,,,,,,,,,,,,5.0,62-11-1 (0.849),0.849,14-6-0 (0.700),0.7,12-38-0 (0.240),0.24,,,,,,,,,,,,,,,,,,
,,,,,,2019.0,,,,,,,,,,,,6.0,65-9-1 (0.878),0.878,14-6-0 (0.700),0.7,9-40-0 (0.184),0.184,,,,,,,,,,,,,,,,,,
,,,,,,2019.0,,,,,,,,,,,,7.0,70-8-1 (0.897),0.897,11-6-0 (0.647),0.647,7-41-0 (0.146),0.146,,,,,,,,,,,,,,,,,,
,,,,,,2019.0,,,,,,,,,,,,8.0,75-8-1 (0.904),0.904,11-3-0 (0.786),0.786,2-44-0 (0.043),0.043,,,,,,,,,,,,,,,,,,
,,,,,,2019.0,,,,,,,,,,,,9.0,80-4-1 (0.952),0.952,7-2-0 (0.778),0.778,1-49-0 (0.020),0.02,,,,,,,,,,,,,,,,,,
,,,,,,2019.0,,,,,,,,,,,,10.0,,,6-3-1 (0.667),0.667,,,,,,,,,,,,,,,,,,,,
,,,,,,2019.0,,,,,,,,,,,,11.0,,,3-0-1 (1.000),1.0,,,,,,,,,,,,,,,,,,,,
,,,,,,2019.0,,,,,,,,,,,,12.0,,,1-0-1 (1.000),1.0,,,,,,,,,,,,,,,,,,,,
,,,,,,,,,,,,,,,,,,,,,,,,,1회,144.0,38.0,77.0,29.0,,,,,144.0,38.0,77.0,29.0,,,,,2019.0
,,,,,,,,,,,,,,,,,,,,,,,,,2회,144.0,46.0,58.0,40.0,38.0,35.0,1.0,2.0,77.0,9.0,53.0,15.0,29.0,2.0,4.0,23.0,2019.0
,,,,,,,,,,,,,,,,,,,,,,,,,3회,144.0,64.0,32.0,48.0,46.0,44.0,1.0,1.0,58.0,16.0,27.0,15.0,40.0,4.0,4.0,32.0,2019.0
,,,,,,,,,,,,,,,,,,,,,,,,,4회,144.0,74.0,20.0,50.0,64.0,61.0,3.0,0.0,32.0,9.0,16.0,7.0,48.0,4.0,1.0,43.0,2019.0
,,,,,,,,,,,,,,,,,,,,,,,,,5회,144.0,75.0,20.0,49.0,74.0,66.0,5.0,3.0,20.0,7.0,10.0,3.0,50.0,2.0,5.0,43.0,2019.0
,,,,,,,,,,,,,,,,,,,,,,,,,6회,144.0,79.0,17.0,48.0,75.0,73.0,1.0,1.0,20.0,5.0,11.0,4.0,49.0,1.0,5.0,43.0,2019.0
,,,,,,,,,,,,,,,,,,,,,,,,,7회,144.0,84.0,14.0,46.0,79.0,76.0,3.0,0.0,17.0,7.0,6.0,4.0,48.0,1.0,5.0,42.0,2019.0
,,,,,,,,,,,,,,,,,,,,,,,,,8회,144.0,85.0,9.0,50.0,84.0,78.0,3.0,3.0,14.0,6.0,5.0,3.0,46.0,1.0,1.0,44.0,2019.0
,,,,,,,,,,,,,,,,,,,,,,,,,9회,77.0,41.0,10.0,26.0,44.0,38.0,3.0,3.0,9.0,2.0,5.0,2.0,24.0,1.0,2.0,21.0,2019.0
,,,,,,,,,,,,,,,,,,,,,,,,,10회,10.0,3.0,4.0,3.0,,,,,10.0,3.0,4.0,3.0,,,,,2019.0
,,,,,,,,,,,,,,,,,,,,,,,,,11회,4.0,2.0,2.0,0.0,,,,,4.0,2.0,2.0,0.0,,,,,2019.0
,,,,,,,,,,,,,,,,,,,,,,,,,12회,2.0,1.0,1.0,0.0,,,,,2.0,1.0,1.0,0.0,,,,,2019.0
0.0,6.0,0.0,6.0,0.0,0.0,2020.0,,,,,,,,,,,,,,,,,,,,,,,,,,,,,,,,,,,,
1.0,8.0,2.0,5.0,1.0,0.286,2020.0,,,,,,,,,,,,,,,,,,,,,,,,,,,,,,,,,,,,
2.0,17.0,5.0,11.0,1.0,0.313,2020.0,,,,,,,,,,,,,,,,,,,,,,,,,,,,,,,,,,,,
3.0,16.0,3.0,13.0,0.0,0.188,2020.0,,,,,,,,,,,,,,,,,,,,,,,,,,,,,,,,,,,,
4.0,16.0,7.0,9.0,0.0,0.438,2020.0,,,,,,,,,,,,,,,,,,,,,,,,,,,,,,,,,,,,
5.0,17.0,8.0,8.0,1.0,0.5,2020.0,,,,,,,,,,,,,,,,,,,,,,,,,,,,,,,,,,,,
6.0,13.0,9.0,3.0,1.0,0.75,2020.0,,,,,,,,,,,,,,,,,,,,,,,,,,,,,,,,,,,,
7.0,14.0,11.0,3.0,0.0,0.786,2020.0,,,,,,,,,,,,,,,,,,,,,,,,,,,,,,,,,,,,
8.0,7.0,6.0,1.0,0.0,0.857,2020.0,,,,,,,,,,,,,,,,,,,,,,,,,,,,,,,,,,,,
9.0,8.0,7.0,1.0,0.0,0.875,2020.0,,,,,,,,,,,,,,,,,,,,,,,,,,,,,,,,,,,,
10.0,6.0,5.0,1.0,0.0,0.833,2020.0,,,,,,,,,,,,,,,,,,,,,,,,,,,,,,,,,,,,
11.0,3.0,3.0,0.0,0.0,1.0,2020.0,,,,,,,,,,,,,,,,,,,,,,,,,,,,,,,,,,,,
12.0,3.0,3.0,0.0,0.0,1.0,2020.0,,,,,,,,,,,,,,,,,,,,,,,,,,,,,,,,,,,,
13.0,3.0,3.0,0.0,0.0,1.0,2020.0,,,,,,,,,,,,,,,,,,,,,,,,,,,,,,,,,,,,
14.0,4.0,4.0,0.0,0.0,1.0,2020.0,,,,,,,,,,,,,,,,,,,,,,,,,,,,,,,,,,,,
15.0,1.0,1.0,0.0,0.0,1.0,2020.0,,,,,,,,,,,,,,,,,,,,,,,,,,,,,,,,,,,,
16.0,1.0,1.0,0.0,0.0,1.0,2020.0,,,,,,,,,,,,,,,,,,,,,,,,,,,,,,,,,,,,
18.0,1.0,1.0,0.0,0.0,1.0,2020.0,,,,,,,,,,,,,,,,,,,,,,,,,,,,,,,,,,,,
,13.0,13.0,0.0,0.0,1.0,2020.0,0.0,,,,,,,,,,,,,,,,,,,,,,,,,,,,,,,,,,,
,16.0,15.0,0.0,1.0,1.0,2020.0,1.0,,,,,,,,,,,,,,,,,,,,,,,,,,,,,,,,,,,
,16.0,14.0,1.0,1.0,0.933,2020.0,2.0,,,,,,,,,,,,,,,,,,,,,,,,,,,,,,,,,,,
,12.0,9.0,3.0,0.0,0.75,2020.0,3.0,,,,,,,,,,,,,,,,,,,,,,,,,,,,,,,,,,,
,18.0,11.0,7.0,0.0,0.611,2020.0,4.0,,,,,,,,,,,,,,,,,,,,,,,,,,,,,,,,,,,
,15.0,4.0,10.0,1.0,0.286,2020.0,5.0,,,,,,,,,,,,,,,,,,,,,,,,,,,,,,,,,,,
,13.0,4.0,8.0,1.0,0.333,2020.0,6.0,,,,,,,,,,,,,,,,,,,,,,,,,,,,,,,,,,,
,9.0,1.0,8.0,0.0,0.111,2020.0,7.0,,,,,,,,,,,,,,,,,,,,,,,,,,,,,,,,,,,
,12.0,5.0,7.0,0.0,0.417,2020.0,8.0,,,,,,,,,,,,,,,,,,,,,,,,,,,,,,,,,,,
,2.0,0.0,2.0,0.0,0.0,2020.0,9.0,,,,,,,,,,,,,,,,,,,,,,,,,,,,,,,,,,,
,6.0,2.0,4.0,0.0,0.333,2020.0,10.0,,,,,,,,,,,,,,,,,,,,,,,,,,,,,,,,,,,
,2.0,0.0,2.0,0.0,0.0,2020.0,11.0,,,,,,,,,,,,,,,,,,,,,,,,,,,,,,,,,,,
,7.0,1.0,6.0,0.0,0.143,2020.0,12.0,,,,,,,,,,,,,,,,,,,,,,,,,,,,,,,,,,,
,2.0,0.0,2.0,0.0,0.0,2020.0,13.0,,,,,,,,,,,,,,,,,,,,,,,,,,,,,,,,,,,
,1.0,0.0,1.0,0.0,0.0,2020.0,17.0,,,,,,,,,,,,,,,,,,,,,,,,,,,,,,,,,,,
,,,,,,2020.0,,1.0,91.0,53.0,29.0,11.0,8.0,2.0,3.0,6.0,0.69,,,,,,,,,,,,,,,,,,,,,,,,,
,,,,,,2020.0,,2.0,105.0,39.0,18.0,9.0,5.0,4.0,3.0,8.0,0.59,,,,,,,,,,,,,,,,,,,,,,,,,
,,,,,,2020.0,,3.0,94.0,50.0,19.0,16.0,8.0,5.0,2.0,6.0,0.74,,,,,,,,,,,,,,,,,,,,,,,,,
,,,,,,2020.0,,4.0,91.0,53.0,25.0,17.0,7.0,4.0,0.0,4.0,0.67,,,,,,,,,,,,,,,,,,,,,,,,,
,,,,,,2020.0,,5.0,100.0,44.0,16.0,17.0,6.0,5.0,0.0,4.0,0.61,,,,,,,,,,,,,,,,,,,,,,,,,
,,,,,,2020.0,,6.0,93.0,50.0,21.0,15.0,9.0,2.0,3.0,7.0,0.73,,,,,,,,,,,,,,,,,,,,,,,,,
,,,,,,2020.0,,7.0,101.0,42.0,20.0,14.0,6.0,1.0,1.0,5.0,0.52,,,,,,,,,,,,,,,,,,,,,,,,,
,,,,,,2020.0,,8.0,98.0,45.0,26.0,11.0,3.0,3.0,2.0,9.0,0.58,,,,,,,,,,,,,,,,,,,,,,,,,
,,,,,,2020.0,,9.0,69.0,40.0,24.0,9.0,4.0,1.0,2.0,5.0,0.62,,,,,,,,,,,,,,,,,,,,,,,,,
,,,,,,2020.0,,10.0,9.0,2.0,1.0,0.0,0.0,1.0,0.0,4.0,0.45,,,,,,,,,,,,,,,,,,,,,,,,,
,,,,,,2020.0,,11.0,6.0,3.0,3.0,0.0,0.0,0.0,0.0,1.0,0.33,,,,,,,,,,,,,,,,,,,,,,,,,
,,,,,,2020.0,,12.0,2.0,1.0,0.0,0.0,1.0,0.0,0.0,3.0,1.0,,,,,,,,,,,,,,,,,,,,,,,,,
,,,,,,2020.0,,1.0,94.0,50.0,23.0,15.0,6.0,5.0,1.0,5.0,0.67,,,,,,,,,,,,,,,,,,,,,,,,,
,,,,,,2020.0,,2.0,111.0,33.0,22.0,5.0,5.0,0.0,1.0,5.0,0.36,,,,,,,,,,,,,,,,,,,,,,,,,
,,,,,,2020.0,,3.0,114.0,30.0,18.0,10.0,2.0,0.0,0.0,3.0,0.31,,,,,,,,,,,,,,,,,,,,,,,,,
,,,,,,2020.0,,4.0,100.0,44.0,22.0,12.0,5.0,3.0,2.0,7.0,0.59,,,,,,,,,,,,,,,,,,,,,,,,,
,,,,,,2020.0,,5.0,94.0,50.0,26.0,16.0,4.0,3.0,1.0,6.0,0.61,,,,,,,,,,,,,,,,,,,,,,,,,
,,,,,,2020.0,,6.0,102.0,42.0,24.0,13.0,4.0,0.0,1.0,8.0,0.49,,,,,,,,,,,,,,,,,,,,,,,,,
,,,,,,2020.0,,7.0,107.0,36.0,16.0,11.0,4.0,1.0,4.0,6.0,0.54,,,,,,,,,,,,,,,,,,,,,,,,,
,,,,,,2020.0,,8.0,100.0,43.0,19.0,10.0,8.0,0.0,6.0,8.0,0.71,,,,,,,,,,,,,,,,,,,,,,,,,
,,,,,,2020.0,,9.0,82.0,33.0,16.0,9.0,4.0,2.0,2.0,9.0,0.59,,,,,,,,,,,,,,,,,,,,,,,,,
,,,,,,2020.0,,10.0,8.0,3.0,2.0,1.0,0.0,0.0,0.0,2.0,0.36,,,,,,,,,,,,,,,,,,,,,,,,,
,,,,,,2020.0,,11.0,6.0,3.0,1.0,1.0,0.0,0.0,1.0,5.0,0.89,,,,,,,,,,,,,,,,,,,,,,,,,
,,,,,,2020.0,,12.0,2.0,1.0,0.0,1.0,0.0,0.0,0.0,2.0,0.67,,,,,,,,,,,,,,,,,,,,,,,,,
,,,,,,2020.0,,,,,,,,,,,,1.0,,,79-61-4 (0.564),0.564,,,,,,,,,,,,,,,,,,,,
,,,,,,2020.0,,,,,,,,,,,,2.0,32-10-0 (0.762),0.762,35-28-2 (0.556),0.556,12-23-2 (0.343),0.343,,,,,,,,,,,,,,,,,,
,,,,,,2020.0,,,,,,,,,,,,3.0,42-13-2 (0.764),0.764,24-17-2 (0.585),0.585,13-31-0 (0.295),0.295,,,,,,,,,,,,,,,,,,
,,,,,,2020.0,,,,,,,,,,,,4.0,55-14-4 (0.797),0.797,16-11-0 (0.593),0.593,8-36-0 (0.182),0.182,,,,,,,,,,,,,,,,,,
,,,,,,2020.0,,,,,,,,,,,,5.0,57-11-3 (0.838),0.838,13-9-1 (0.591),0.591,9-41-0 (0.180),0.18,,,,,,,,,,,,,,,,,,
,,,,,,2020.0,,,,,,,,,,,,6.0,61-11-1 (0.847),0.847,10-8-3 (0.556),0.556,8-42-0 (0.160),0.16,,,,,,,,,,,,,,,,,,
,,,,,,2020.0,,,,,,,,,,,,7.0,64-6-1 (0.914),0.914,10-10-2 (0.500),0.5,5-45-0 (0.100),0.1,,,,,,,,,,,,,,,,,,
,,,,,,2020.0,,,,,,,,,,,,8.0,68-5-1 (0.932),0.932,7-6-1 (0.538),0.538,4-50-1 (0.074),0.074,,,,,,,,,,,,,,,,,,
,,,,,,2020.0,,,,,,,,,,,,9.0,70-2-0 (0.972),0.972,7-5-2 (0.583),0.583,2-54-1 (0.036),0.036,,,,,,,,,,,,,,,,,,
,,,,,,2020.0,,,,,,,,,,,,10.0,,,5-5-2 (0.500),0.5,,,,,,,,,,,,,,,,,,,,
,,,,,,2020.0,,,,,,,,,,,,11.0,,,4-4-1 (0.500),0.5,,,,,,,,,,,,,,,,,,,,
,,,,,,2020.0,,,,,,,,,,,,12.0,,,1-1-1 (0.500),0.5,,,,,,,,,,,,,,,,,,,,
,,,,,,,,,,,,,,,,,,,,,,,,,1회,144.0,42.0,65.0,37.0,,,,,144.0,42.0,65.0,37.0,,,,,2020.0
,,,,,,,,,,,,,,,,,,,,,,,,,2회,144.0,57.0,43.0,44.0,42.0,40.0,1.0,1.0,65.0,15.0,38.0,12.0,37.0,2.0,4.0,31.0,2020.0
,,,,,,,,,,,,,,,,,,,,,,,,,3회,144.0,73.0,27.0,44.0,57.0,54.0,1.0,2.0,43.0,11.0,26.0,6.0,44.0,8.0,0.0,36.0,2020.0
,,,,,,,,,,,,,,,,,,,,,,,,,4회,144.0,71.0,23.0,50.0,73.0,62.0,7.0,4.0,27.0,8.0,13.0,6.0,44.0,1.0,3.0,40.0,2020.0
,,,,,,,,,,,,,,,,,,,,,,,,,5회,144.0,73.0,21.0,50.0,71.0,62.0,5.0,4.0,23.0,10.0,11.0,2.0,50.0,1.0,5.0,44.0,2020.0
,,,,,,,,,,,,,,,,,,,,,,,,,6회,143.0,71.0,22.0,50.0,73.0,63.0,7.0,3.0,20.0,6.0,10.0,4.0,50.0,2.0,5.0,43.0,2020.0
,,,,,,,,,,,,,,,,,,,,,,,,,7회,143.0,74.0,14.0,55.0,71.0,68.0,1.0,2.0,22.0,5.0,10.0,7.0,50.0,1.0,3.0,46.0,2020.0
,,,,,,,,,,,,,,,,,,,,,,,,,8회,143.0,72.0,14.0,57.0,74.0,67.0,1.0,6.0,14.0,3.0,8.0,3.0,55.0,2.0,5.0,48.0,2020.0
,,,,,,,,,,,,,,,,,,,,,,,,,9회,82.0,41.0,12.0,29.0,39.0,35.0,2.0,2.0,13.0,5.0,6.0,2.0,30.0,1.0,4.0,25.0,2020.0
,,,,,,,,,,,,,,,,,,,,,,,,,10회,11.0,1.0,9.0,1.0,,,,,11.0,1.0,9.0,1.0,,,,,2020.0
,,,,,,,,,,,,,,,,,,,,,,,,,11회,9.0,3.0,3.0,3.0,,,,,9.0,3.0,3.0,3.0,,,,,2020.0
,,,,,,,,,,,,,,,,,,,,,,,,,12회,3.0,1.0,1.0,1.0,,,,,3.0,1.0,1.0,1.0,,,,,2020.0
0.0,8.0,0.0,8.0,0.0,0.0,2021.0,,,,,,,,,,,,,,,,,,,,,,,,,,,,,,,,,,,,
1.0,17.0,1.0,16.0,0.0,0.059,2021.0,,,,,,,,,,,,,,,,,,,,,,,,,,,,,,,,,,,,
2.0,10.0,1.0,9.0,0.0,0.1,2021.0,,,,,,,,,,,,,,,,,,,,,,,,,,,,,,,,,,,,
3.0,23.0,5.0,13.0,5.0,0.278,2021.0,,,,,,,,,,,,,,,,,,,,,,,,,,,,,,,,,,,,
4.0,16.0,8.0,8.0,0.0,0.5,2021.0,,,,,,,,,,,,,,,,,,,,,,,,,,,,,,,,,,,,
5.0,15.0,10.0,3.0,2.0,0.769,2021.0,,,,,,,,,,,,,,,,,,,,,,,,,,,,,,,,,,,,
6.0,11.0,8.0,3.0,0.0,0.727,2021.0,,,,,,,,,,,,,,,,,,,,,,,,,,,,,,,,,,,,
7.0,5.0,4.0,1.0,0.0,0.8,2021.0,,,,,,,,,,,,,,,,,,,,,,,,,,,,,,,,,,,,
8.0,13.0,13.0,0.0,0.0,1.0,2021.0,,,,,,,,,,,,,,,,,,,,,,,,,,,,,,,,,,,,
9.0,11.0,8.0,3.0,0.0,0.727,2021.0,,,,,,,,,,,,,,,,,,,,,,,,,,,,,,,,,,,,
10.0,3.0,2.0,0.0,1.0,1.0,2021.0,,,,,,,,,,,,,,,,,,,,,,,,,,,,,,,,,,,,
11.0,4.0,4.0,0.0,0.0,1.0,2021.0,,,,,,,,,,,,,,,,,,,,,,,,,,,,,,,,,,,,
12.0,1.0,1.0,0.0,0.0,1.0,2021.0,,,,,,,,,,,,,,,,,,,,,,,,,,,,,,,,,,,,
13.0,2.0,1.0,1.0,0.0,0.5,2021.0,,,,,,,,,,,,,,,,,,,,,,,,,,,,,,,,,,,,
14.0,2.0,2.0,0.0,0.0,1.0,2021.0,,,,,,,,,,,,,,,,,,,,,,,,,,,,,,,,,,,,
15.0,1.0,1.0,0.0,0.0,1.0,2021.0,,,,,,,,,,,,,,,,,,,,,,,,,,,,,,,,,,,,
16.0,1.0,1.0,0.0,0.0,1.0,2021.0,,,,,,,,,,,,,,,,,,,,,,,,,,,,,,,,,,,,
18.0,1.0,1.0,0.0,0.0,1.0,2021.0,,,,,,,,,,,,,,,,,,,,,,,,,,,,,,,,,,,,
,10.0,10.0,0.0,0.0,1.0,2021.0,0.0,,,,,,,,,,,,,,,,,,,,,,,,,,,,,,,,,,,
,14.0,12.0,2.0,0.0,0.857,2021.0,1.0,,,,,,,,,,,,,,,,,,,,,,,,,,,,,,,,,,,
,14.0,12.0,2.0,0.0,0.857,2021.0,2.0,,,,,,,,,,,,,,,,,,,,,,,,,,,,,,,,,,,
,30.0,18.0,7.0,5.0,0.72,2021.0,3.0,,,,,,,,,,,,,,,,,,,,,,,,,,,,,,,,,,,
,14.0,4.0,10.0,0.0,0.286,2021.0,4.0,,,,,,,,,,,,,,,,,,,,,,,,,,,,,,,,,,,
,21.0,9.0,10.0,2.0,0.474,2021.0,5.0,,,,,,,,,,,,,,,,,,,,,,,,,,,,,,,,,,,
,7.0,3.0,4.0,0.0,0.429,2021.0,6.0,,,,,,,,,,,,,,,,,,,,,,,,,,,,,,,,,,,
,9.0,0.0,9.0,0.0,0.0,2021.0,7.0,,,,,,,,,,,,,,,,,,,,,,,,,,,,,,,,,,,
,7.0,2.0,5.0,0.0,0.286,2021.0,8.0,,,,,,,,,,,,,,,,,,,,,,,,,,,,,,,,,,,
,5.0,1.0,4.0,0.0,0.2,2021.0,9.0,,,,,,,,,,,,,,,,,,,,,,,,,,,,,,,,,,,
,5.0,0.0,4.0,1.0,0.0,2021.0,10.0,,,,,,,,,,,,,,,,,,,,,,,,,,,,,,,,,,,
,2.0,0.0,2.0,0.0,0.0,2021.0,11.0,,,,,,,,,,,,,,,,,,,,,,,,,,,,,,,,,,,
,2.0,0.0,2.0,0.0,0.0,2021.0,12.0,,,,,,,,,,,,,,,,,,,,,,,,,,,,,,,,,,,
,1.0,0.0,1.0,0.0,0.0,2021.0,13.0,,,,,,,,,,,,,,,,,,,,,,,,,,,,,,,,,,,
,1.0,0.0,1.0,0.0,0.0,2021.0,14.0,,,,,,,,,,,,,,,,,,,,,,,,,,,,,,,,,,,
,1.0,0.0,1.0,0.0,0.0,2021.0,16.0,,,,,,,,,,,,,,,,,,,,,,,,,,,,,,,,,,,
,1.0,0.0,1.0,0.0,0.0,2021.0,18.0,,,,,,,,,,,,,,,,,,,,,,,,,,,,,,,,,,,
,,,,,,2021.0,,1.0,101.0,43.0,13.0,15.0,9.0,3.0,3.0,9.0,0.71,,,,,,,,,,,,,,,,,,,,,,,,,
,,,,,,2021.0,,2.0,107.0,37.0,21.0,10.0,2.0,1.0,3.0,6.0,0.47,,,,,,,,,,,,,,,,,,,,,,,,,
,,,,,,2021.0,,3.0,104.0,40.0,16.0,14.0,3.0,5.0,2.0,8.0,0.6,,,,,,,,,,,,,,,,,,,,,,,,,
,,,,,,2021.0,,4.0,91.0,53.0,31.0,12.0,5.0,3.0,2.0,7.0,0.66,,,,,,,,,,,,,,,,,,,,,,,,,
,,,,,,2021.0,,5.0,102.0,42.0,22.0,15.0,4.0,1.0,0.0,4.0,0.47,,,,,,,,,,,,,,,,,,,,,,,,,
,,,,,,2021.0,,6.0,104.0,40.0,18.0,14.0,5.0,3.0,0.0,4.0,0.51,,,,,,,,,,,,,,,,,,,,,,,,,
,,,,,,2021.0,,7.0,97.0,46.0,27.0,5.0,6.0,3.0,5.0,7.0,0.66,,,,,,,,,,,,,,,,,,,,,,,,,
,,,,,,2021.0,,8.0,95.0,48.0,26.0,9.0,7.0,4.0,2.0,5.0,0.64,,,,,,,,,,,,,,,,,,,,,,,,,
,,,,,,2021.0,,9.0,81.0,29.0,14.0,7.0,6.0,1.0,1.0,5.0,0.5,,,,,,,,,,,,,,,,,,,,,,,,,
,,,,,,2021.0,,10.0,2.0,3.0,2.0,0.0,0.0,0.0,1.0,5.0,1.4,,,,,,,,,,,,,,,,,,,,,,,,,
,,,,,,2021.0,,11.0,3.0,0.0,0.0,0.0,0.0,0.0,0.0,0.0,0.0,,,,,,,,,,,,,,,,,,,,,,,,,
,,,,,,2021.0,,12.0,1.0,0.0,0.0,0.0,0.0,0.0,0.0,0.0,0.0,,,,,,,,,,,,,,,,,,,,,,,,,
,,,,,,2021.0,,1.0,106.0,38.0,16.0,9.0,6.0,1.0,6.0,9.0,0.63,,,,,,,,,,,,,,,,,,,,,,,,,
,,,,,,2021.0,,2.0,118.0,26.0,13.0,6.0,5.0,1.0,1.0,5.0,0.34,,,,,,,,,,,,,,,,,,,,,,,,,
,,,,,,2021.0,,3.0,95.0,49.0,26.0,11.0,4.0,5.0,3.0,8.0,0.68,,,,,,,,,,,,,,,,,,,,,,,,,
,,,,,,2021.0,,4.0,104.0,40.0,17.0,11.0,6.0,3.0,3.0,7.0,0.6,,,,,,,,,,,,,,,,,,,,,,,,,
,,,,,,2021.0,,5.0,101.0,43.0,25.0,8.0,7.0,2.0,1.0,7.0,0.53,,,,,,,,,,,,,,,,,,,,,,,,,
,,,,,,2021.0,,6.0,108.0,36.0,22.0,6.0,6.0,1.0,1.0,6.0,0.43,,,,,,,,,,,,,,,,,,,,,,,,,
,,,,,,2021.0,,7.0,106.0,37.0,24.0,5.0,5.0,2.0,1.0,5.0,0.43,,,,,,,,,,,,,,,,,,,,,,,,,
,,,,,,2021.0,,8.0,105.0,38.0,26.0,7.0,1.0,4.0,0.0,4.0,0.41,,,,,,,,,,,,,,,,,,,,,,,,,
,,,,,,2021.0,,9.0,72.0,40.0,21.0,15.0,2.0,1.0,1.0,5.0,0.59,,,,,,,,,,,,,,,,,,,,,,,,,
,,,,,,2021.0,,10.0,4.0,1.0,1.0,0.0,0.0,0.0,0.0,1.0,0.2,,,,,,,,,,,,,,,,,,,,,,,,,
,,,,,,2021.0,,11.0,1.0,2.0,2.0,0.0,0.0,0.0,0.0,1.0,0.67,,,,,,,,,,,,,,,,,,,,,,,,,
,,,,,,2021.0,,12.0,0.0,1.0,0.0,0.0,1.0,0.0,0.0,3.0,3.0,,,,,,,,,,,,,,,,,,,,,,,,,
,,,,,,2021.0,,,,,,,,,,,,1.0,,,71-65-8 (0.522),0.522,,,,,,,,,,,,,,,,,,,,
,,,,,,2021.0,,,,,,,,,,,,2.0,27-10-2 (0.730),0.73,38-33-2 (0.535),0.535,6-22-4 (0.214),0.214,,,,,,,,,,,,,,,,,,
,,,,,,2021.0,,,,,,,,,,,,3.0,41-11-2 (0.788),0.788,21-30-2 (0.412),0.412,9-24-4 (0.273),0.273,,,,,,,,,,,,,,,,,,
,,,,,,2021.0,,,,,,,,,,,,4.0,46-11-3 (0.807),0.807,15-19-2 (0.441),0.441,10-35-3 (0.222),0.222,,,,,,,,,,,,,,,,,,
,,,,,,2021.0,,,,,,,,,,,,5.0,56-7-3 (0.889),0.889,7-12-1 (0.368),0.368,8-46-4 (0.148),0.148,,,,,,,,,,,,,,,,,,
,,,,,,2021.0,,,,,,,,,,,,6.0,57-8-3 (0.877),0.877,6-8-0 (0.429),0.429,8-49-5 (0.140),0.14,,,,,,,,,,,,,,,,,,
,,,,,,2021.0,,,,,,,,,,,,7.0,61-5-3 (0.924),0.924,3-9-2 (0.250),0.25,7-51-3 (0.121),0.121,,,,,,,,,,,,,,,,,,
,,,,,,2021.0,,,,,,,,,,,,8.0,63-3-4 (0.955),0.955,4-7-2 (0.364),0.364,4-54-2 (0.069),0.069,,,,,,,,,,,,,,,,,,
,,,,,,2021.0,,,,,,,,,,,,9.0,65-2-2 (0.970),0.97,4-4-4 (0.500),0.5,2-58-2 (0.033),0.033,,,,,,,,,,,,,,,,,,
,,,,,,2021.0,,,,,,,,,,,,10.0,,,2-3-8 (0.400),0.4,,,,,,,,,,,,,,,,,,,,
,,,,,,2021.0,,,,,,,,,,,,11.0,,,0-3-0 (0.000),0.0,,,,,,,,,,,,,,,,,,,,
,,,,,,2021.0,,,,,,,,,,,,12.0,,,0-1-0 (0.000),0.0,,,,,,,,,,,,,,,,,,,,
,,,,,,,,,,,,,,,,,,,,,,,,,1회,144.0,39.0,73.0,32.0,,,,,144.0,39.0,73.0,32.0,,,,,2021.0
,,,,,,,,,,,,,,,,,,,,,,,,,2회,144.0,54.0,53.0,37.0,39.0,34.0,3.0,2.0,73.0,19.0,48.0,6.0,32.0,1.0,2.0,29.0,2021.0
,,,,,,,,,,,,,,,,,,,,,,,,,3회,144.0,60.0,36.0,48.0,54.0,49.0,2.0,3.0,53.0,9.0,28.0,16.0,37.0,2.0,6.0,29.0,2021.0
,,,,,,,,,,,,,,,,,,,,,,,,,4회,144.0,66.0,20.0,58.0,60.0,54.0,2.0,4.0,36.0,11.0,15.0,10.0,48.0,1.0,3.0,44.0,2021.0
,,,,,,,,,,,,,,,,,,,,,,,,,5회,144.0,68.0,14.0,62.0,66.0,59.0,4.0,3.0,20.0,8.0,7.0,5.0,58.0,1.0,3.0,54.0,2021.0
,,,,,,,,,,,,,,,,,,,,,,,,,6회,144.0,69.0,14.0,61.0,68.0,63.0,3.0,2.0,14.0,4.0,6.0,4.0,62.0,2.0,5.0,55.0,2021.0
,,,,,,,,,,,,,,,,,,,,,,,,,7회,143.0,70.0,13.0,60.0,69.0,65.0,2.0,2.0,14.0,3.0,7.0,4.0,60.0,2.0,4.0,54.0,2021.0
,,,,,,,,,,,,,,,,,,,,,,,,,8회,143.0,69.0,12.0,62.0,70.0,66.0,4.0,0.0,13.0,1.0,8.0,4.0,60.0,2.0,0.0,58.0,2021.0
,,,,,,,,,,,,,,,,,,,,,,,,,9회,79.0,36.0,13.0,30.0,36.0,31.0,4.0,1.0,12.0,3.0,7.0,2.0,31.0,2.0,2.0,27.0,2021.0
,,,,,,,,,,,,,,,,,,,,,,,,,10회,5.0,2.0,3.0,0.0,,,,,5.0,2.0,3.0,0.0,,,,,2021.0
,,,,,,,,,,,,,,,,,,,,,,,,,11회,3.0,0.0,1.0,2.0,,,,,3.0,0.0,1.0,2.0,,,,,2021.0
,,,,,,,,,,,,,,,,,,,,,,,,,12회,1.0,0.0,0.0,1.0,,,,,1.0,0.0,0.0,1.0,,,,,2021.0
0.0,15.0,0.0,15.0,0.0,0.0,2022.0,,,,,,,,,,,,,,,,,,,,,,,,,,,,,,,,,,,,
1.0,20.0,2.0,18.0,0.0,0.1,2022.0,,,,,,,,,,,,,,,,,,,,,,,,,,,,,,,,,,,,
2.0,13.0,3.0,10.0,0.0,0.231,2022.0,,,,,,,,,,,,,,,,,,,,,,,,,,,,,,,,,,,,
3.0,19.0,4.0,14.0,1.0,0.222,2022.0,,,,,,,,,,,,,,,,,,,,,,,,,,,,,,,,,,,,
4.0,17.0,8.0,9.0,0.0,0.471,2022.0,,,,,,,,,,,,,,,,,,,,,,,,,,,,,,,,,,,,
5.0,18.0,12.0,6.0,0.0,0.667,2022.0,,,,,,,,,,,,,,,,,,,,,,,,,,,,,,,,,,,,
6.0,14.0,9.0,5.0,0.0,0.643,2022.0,,,,,,,,,,,,,,,,,,,,,,,,,,,,,,,,,,,,
7.0,6.0,3.0,3.0,0.0,0.5,2022.0,,,,,,,,,,,,,,,,,,,,,,,,,,,,,,,,,,,,
8.0,4.0,4.0,0.0,0.0,1.0,2022.0,,,,,,,,,,,,,,,,,,,,,,,,,,,,,,,,,,,,
9.0,5.0,4.0,0.0,1.0,1.0,2022.0,,,,,,,,,,,,,,,,,,,,,,,,,,,,,,,,,,,,
10.0,2.0,1.0,1.0,0.0,0.5,2022.0,,,,,,,,,,,,,,,,,,,,,,,,,,,,,,,,,,,,
11.0,4.0,4.0,0.0,0.0,1.0,2022.0,,,,,,,,,,,,,,,,,,,,,,,,,,,,,,,,,,,,
12.0,1.0,1.0,0.0,0.0,1.0,2022.0,,,,,,,,,,,,,,,,,,,,,,,,,,,,,,,,,,,,
13.0,2.0,1.0,1.0,0.0,0.5,2022.0,,,,,,,,,,,,,,,,,,,,,,,,,,,,,,,,,,,,
16.0,3.0,3.0,0.0,0.0,1.0,2022.0,,,,,,,,,,,,,,,,,,,,,,,,,,,,,,,,,,,,
24.0,1.0,1.0,0.0,0.0,1.0,2022.0,,,,,,,,,,,,,,,,,,,,,,,,,,,,,,,,,,,,
,7.0,7.0,0.0,0.0,1.0,2022.0,0.0,,,,,,,,,,,,,,,,,,,,,,,,,,,,,,,,,,,
,14.0,13.0,1.0,0.0,0.929,2022.0,1.0,,,,,,,,,,,,,,,,,,,,,,,,,,,,,,,,,,,
,15.0,11.0,4.0,0.0,0.733,2022.0,2.0,,,,,,,,,,,,,,,,,,,,,,,,,,,,,,,,,,,
,14.0,10.0,3.0,1.0,0.769,2022.0,3.0,,,,,,,,,,,,,,,,,,,,,,,,,,,,,,,,,,,
,23.0,9.0,14.0,0.0,0.391,2022.0,4.0,,,,,,,,,,,,,,,,,,,,,,,,,,,,,,,,,,,
,25.0,5.0,20.0,0.0,0.2,2022.0,5.0,,,,,,,,,,,,,,,,,,,,,,,,,,,,,,,,,,,
,9.0,0.0,9.0,0.0,0.0,2022.0,6.0,,,,,,,,,,,,,,,,,,,,,,,,,,,,,,,,,,,
,5.0,2.0,3.0,0.0,0.4,2022.0,7.0,,,,,,,,,,,,,,,,,,,,,,,,,,,,,,,,,,,
,11.0,2.0,9.0,0.0,0.182,2022.0,8.0,,,,,,,,,,,,,,,,,,,,,,,,,,,,,,,,,,,
,6.0,0.0,5.0,1.0,0.0,2022.0,9.0,,,,,,,,,,,,,,,,,,,,,,,,,,,,,,,,,,,
,1.0,0.0,1.0,0.0,0.0,2022.0,10.0,,,,,,,,,,,,,,,,,,,,,,,,,,,,,,,,,,,
,7.0,1.0,6.0,0.0,0.143,2022.0,11.0,,,,,,,,,,,,,,,,,,,,,,,,,,,,,,,,,,,
,2.0,0.0,2.0,0.0,0.0,2022.0,13.0,,,,,,,,,,,,,,,,,,,,,,,,,,,,,,,,,,,
,3.0,0.0,3.0,0.0,0.0,2022.0,14.0,,,,,,,,,,,,,,,,,,,,,,,,,,,,,,,,,,,
,2.0,0.0,2.0,0.0,0.0,2022.0,16.0,,,,,,,,,,,,,,,,,,,,,,,,,,,,,,,,,,,
,,,,,,2022.0,,1.0,102.0,42.0,23.0,5.0,6.0,5.0,3.0,11.0,0.65,,,,,,,,,,,,,,,,,,,,,,,,,
,,,,,,2022.0,,2.0,106.0,38.0,23.0,8.0,5.0,2.0,0.0,4.0,0.43,,,,,,,,,,,,,,,,,,,,,,,,,
,,,,,,2022.0,,3.0,109.0,35.0,21.0,7.0,5.0,1.0,1.0,6.0,0.42,,,,,,,,,,,,,,,,,,,,,,,,,
,,,,,,2022.0,,4.0,107.0,37.0,22.0,9.0,4.0,1.0,1.0,5.0,0.42,,,,,,,,,,,,,,,,,,,,,,,,,
,,,,,,2022.0,,5.0,113.0,31.0,15.0,10.0,3.0,1.0,2.0,5.0,0.4,,,,,,,,,,,,,,,,,,,,,,,,,
,,,,,,2022.0,,6.0,103.0,41.0,20.0,11.0,8.0,1.0,1.0,9.0,0.55,,,,,,,,,,,,,,,,,,,,,,,,,
,,,,,,2022.0,,7.0,107.0,37.0,24.0,2.0,5.0,4.0,2.0,7.0,0.49,,,,,,,,,,,,,,,,,,,,,,,,,
,,,,,,2022.0,,8.0,101.0,43.0,22.0,11.0,6.0,1.0,3.0,5.0,0.56,,,,,,,,,,,,,,,,,,,,,,,,,
,,,,,,2022.0,,9.0,84.0,31.0,15.0,8.0,2.0,3.0,3.0,6.0,0.57,,,,,,,,,,,,,,,,,,,,,,,,,
,,,,,,2022.0,,10.0,9.0,2.0,1.0,1.0,0.0,0.0,0.0,2.0,0.27,,,,,,,,,,,,,,,,,,,,,,,,,
,,,,,,2022.0,,11.0,5.0,2.0,1.0,0.0,0.0,1.0,0.0,4.0,0.71,,,,,,,,,,,,,,,,,,,,,,,,,
,,,,,,2022.0,,12.0,4.0,0.0,0.0,0.0,0.0,0.0,0.0,0.0,0.0,,,,,,,,,,,,,,,,,,,,,,,,,
,,,,,,2022.0,,1.0,102.0,42.0,24.0,7.0,7.0,1.0,3.0,6.0,0.56,,,,,,,,,,,,,,,,,,,,,,,,,
,,,,,,2022.0,,2.0,95.0,49.0,32.0,10.0,3.0,3.0,1.0,5.0,0.54,,,,,,,,,,,,,,,,,,,,,,,,,
,,,,,,2022.0,,3.0,96.0,48.0,21.0,13.0,8.0,3.0,3.0,5.0,0.68,,,,,,,,,,,,,,,,,,,,,,,,,
,,,,,,2022.0,,4.0,113.0,31.0,16.0,5.0,5.0,4.0,1.0,5.0,0.43,,,,,,,,,,,,,,,,,,,,,,,,,
,,,,,,2022.0,,5.0,102.0,42.0,20.0,14.0,3.0,2.0,3.0,7.0,0.58,,,,,,,,,,,,,,,,,,,,,,,,,
,,,,,,2022.0,,6.0,107.0,37.0,16.0,10.0,6.0,4.0,1.0,5.0,0.52,,,,,,,,,,,,,,,,,,,,,,,,,
,,,,,,2022.0,,7.0,96.0,48.0,23.0,13.0,3.0,6.0,3.0,6.0,0.69,,,,,,,,,,,,,,,,,,,,,,,,,
,,,,,,2022.0,,8.0,90.0,53.0,26.0,17.0,6.0,2.0,2.0,6.0,0.69,,,,,,,,,,,,,,,,,,,,,,,,,
,,,,,,2022.0,,9.0,88.0,21.0,14.0,0.0,5.0,2.0,0.0,4.0,0.34,,,,,,,,,,,,,,,,,,,,,,,,,
,,,,,,2022.0,,10.0,7.0,4.0,3.0,1.0,0.0,0.0,0.0,2.0,0.45,,,,,,,,,,,,,,,,,,,,,,,,,
,,,,,,2022.0,,11.0,6.0,1.0,1.0,0.0,0.0,0.0,0.0,1.0,0.14,,,,,,,,,,,,,,,,,,,,,,,,,
,,,,,,2022.0,,12.0,1.0,3.0,2.0,0.0,1.0,0.0,0.0,3.0,1.25,,,,,,,,,,,,,,,,,,,,,,,,,
,,,,,,2022.0,,,,,,,,,,,,1.0,,,60-82-2 (0.423),0.423,,,,,,,,,,,,,,,,,,,,
,,,,,,2022.0,,,,,,,,,,,,2.0,18-16-0 (0.529),0.529,32-45-0 (0.416),0.416,10-21-2 (0.323),0.323,,,,,,,,,,,,,,,,,,
,,,,,,2022.0,,,,,,,,,,,,3.0,27-17-1 (0.614),0.614,16-32-0 (0.333),0.333,17-33-1 (0.340),0.34,,,,,,,,,,,,,,,,,,
,,,,,,2022.0,,,,,,,,,,,,4.0,33-17-1 (0.660),0.66,15-16-0 (0.484),0.484,12-49-1 (0.197),0.197,,,,,,,,,,,,,,,,,,
,,,,,,2022.0,,,,,,,,,,,,5.0,38-17-1 (0.691),0.691,10-13-0 (0.435),0.435,12-52-1 (0.188),0.188,,,,,,,,,,,,,,,,,,
,,,,,,2022.0,,,,,,,,,,,,6.0,40-10-0 (0.800),0.8,10-12-1 (0.455),0.455,10-60-1 (0.143),0.143,,,,,,,,,,,,,,,,,,
,,,,,,2022.0,,,,,,,,,,,,7.0,47-12-0 (0.797),0.797,4-4-1 (0.500),0.5,9-66-1 (0.120),0.12,,,,,,,,,,,,,,,,,,
,,,,,,2022.0,,,,,,,,,,,,8.0,51-7-0 (0.879),0.879,1-7-1 (0.125),0.125,8-68-1 (0.105),0.105,,,,,,,,,,,,,,,,,,
,,,,,,2022.0,,,,,,,,,,,,9.0,52-2-0 (0.963),0.963,5-9-1 (0.357),0.357,3-71-0 (0.041),0.041,,,,,,,,,,,,,,,,,,
,,,,,,2022.0,,,,,,,,,,,,10.0,,,3-7-1 (0.300),0.3,,,,,,,,,,,,,,,,,,,,
,,,,,,2022.0,,,,,,,,,,,,11.0,,,2-4-1 (0.333),0.333,,,,,,,,,,,,,,,,,,,,
,,,,,,2022.0,,,,,,,,,,,,12.0,,,0-3-1 (0.000),0.0,,,,,,,,,,,,,,,,,,,,
,,,,,,,,,,,,,,,,,,,,,,,,,1회,144.0,34.0,77.0,33.0,,,,,144.0,34.0,77.0,33.0,,,,,2022.0
,,,,,,,,,,,,,,,,,,,,,,,,,2회,144.0,45.0,48.0,51.0,34.0,27.0,5.0,2.0,77.0,14.0,38.0,25.0,33.0,4.0,5.0,24.0,2022.0
,,,,,,,,,,,,,,,,,,,,,,,,,3회,144.0,51.0,31.0,62.0,45.0,38.0,3.0,4.0,48.0,7.0,26.0,15.0,51.0,6.0,2.0,43.0,2022.0
,,,,,,,,,,,,,,,,,,,,,,,,,4회,144.0,56.0,23.0,65.0,51.0,47.0,1.0,3.0,31.0,7.0,21.0,3.0,62.0,2.0,1.0,59.0,2022.0
,,,,,,,,,,,,,,,,,,,,,,,,,5회,144.0,50.0,23.0,71.0,56.0,46.0,4.0,6.0,23.0,2.0,16.0,5.0,65.0,2.0,3.0,60.0,2022.0
,,,,,,,,,,,,,,,,,,,,,,,,,6회,144.0,59.0,9.0,76.0,50.0,46.0,0.0,4.0,23.0,11.0,8.0,4.0,71.0,2.0,1.0,68.0,2022.0
,,,,,,,,,,,,,,,,,,,,,,,,,7회,144.0,58.0,9.0,77.0,59.0,54.0,2.0,3.0,9.0,1.0,5.0,3.0,76.0,3.0,2.0,71.0,2022.0
,,,,,,,,,,,,,,,,,,,,,,,,,8회,143.0,54.0,15.0,74.0,58.0,51.0,4.0,3.0,8.0,1.0,5.0,2.0,77.0,2.0,6.0,69.0,2022.0
,,,,,,,,,,,,,,,,,,,,,,,,,9회,81.0,29.0,11.0,41.0,26.0,24.0,0.0,2.0,15.0,3.0,8.0,4.0,40.0,2.0,3.0,35.0,2022.0
,,,,,,,,,,,,,,,,,,,,,,,,,10회,11.0,1.0,7.0,3.0,,,,,11.0,1.0,7.0,3.0,,,,,2022.0
,,,,,,,,,,,,,,,,,,,,,,,,,11회,7.0,2.0,4.0,1.0,,,,,7.0,2.0,4.0,1.0,,,,,2022.0
,,,,,,,,,,,,,,,,,,,,,,,,,12회,4.0,0.0,1.0,3.0,,,,,4.0,0.0,1.0,3.0,,,,,2022.0
